"Guid","Description","DisplayUrl","ExternalId","Family","IsActive","IsSerialized","Name","ProductCode","QuantityUnitOfMeasure","SBQQ__AssetAmendmentBehavior__c","SBQQ__AssetConversion__c","SBQQ__BatchQuantity__c","SBQQ__BillingFrequency__c","SBQQ__BillingType__c","SBQQ__BlockPricingField__c","SBQQ__ChargeType__c","SBQQ__Component__c","SBQQ__CompoundDiscountRate__c","SBQQ__ConfigurationEvent__c","SBQQ__ConfigurationFieldSet__c","SBQQ__ConfigurationFields__c","SBQQ__ConfigurationFormTitle__c","SBQQ__ConfigurationType__c","SBQQ__ConfigurationValidator__c","SBQQ__ConfiguredCodePattern__c","SBQQ__ConfiguredDescriptionPattern__c","SBQQ__CostEditable__c","SBQQ__CostSchedule__c","SBQQ__CustomConfigurationPage__c","SBQQ__CustomConfigurationRequired__c","SBQQ__CustomerCommunityAvailability__c","SBQQ__DefaultPricingTable__c","SBQQ__DefaultQuantity__c","SBQQ__DescriptionLocked__c","SBQQ__DiscountCategory__c","SBQQ__DiscountSchedule__c","SBQQ__DynamicPricingConstraint__c","SBQQ__EnableLargeConfiguration__c","SBQQ__ExcludeFromMaintenance__c","SBQQ__ExcludeFromOpportunity__c","SBQQ__ExternallyConfigurable__c","SBQQ__GenerateContractedPrice__c","SBQQ__HasConfigurationAttributes__c","SBQQ__HasConsumptionSchedule__c","SBQQ__Hidden__c","SBQQ__HidePriceInSearchResults__c","SBQQ__IncludeInMaintenance__c","SBQQ__NewQuoteGroup__c","SBQQ__NonDiscountable__c","SBQQ__NonPartnerDiscountable__c","SBQQ__OptionLayout__c","SBQQ__OptionSelectionMethod__c","SBQQ__Optional__c","SBQQ__PriceEditable__c","SBQQ__PricingGuidance__c","SBQQ__PricingMethodEditable__c","SBQQ__PricingMethod__c","SBQQ__ProductPictureID__c","SBQQ__QuantityEditable__c","SBQQ__QuantityScale__c","SBQQ__ReconfigurationDisabled__c","SBQQ__RenewalProduct__c","SBQQ__SortOrder__c","SBQQ__Specifications__c","SBQQ__SubscriptionBase__c","SBQQ__SubscriptionCategory__c","SBQQ__SubscriptionPercent__c","SBQQ__SubscriptionPricing__c","SBQQ__SubscriptionTarget__c","SBQQ__SubscriptionTerm__c","SBQQ__SubscriptionType__c","SBQQ__TaxCode__c","SBQQ__Taxable__c","SBQQ__TermDiscountLevel__c","SBQQ__TermDiscountSchedule__c","SBQQ__UpgradeCredit__c","SBQQ__UpgradeRatio__c","SBQQ__UpgradeSource__c","SBQQ__UpgradeTarget__c","StockKeepingUnit","Type"
02c5ac4f-942d-4f2c-b12c-f85d49619cd7,Security Certification Training: Bastion,"#N/A","#N/A",Training,true,false,Security Certification Training: Bastion,SC3,"#N/A",Default,One per quote line,"#N/A","#N/A","#N/A",Quantity,"#N/A",false,"#N/A","#N/A","#N/A","#N/A","#N/A","#N/A","#N/A","#N/A","#N/A",false,"#N/A","#N/A",false,"#N/A","#N/A",5.0,false,"#N/A","#N/A","#N/A",false,false,false,false,"#N/A",false,false,false,false,false,false,false,false,"#N/A",Click,false,false,"#N/A",false,List,015Do000000kdaw,true,"#N/A",false,"#N/A","#N/A","#N/A",List,"#N/A","#N/A","#N/A","#N/A","#N/A",Renewable,"#N/A",false,"#N/A","#N/A","#N/A","#N/A","#N/A","#N/A","#N/A","#N/A"
02f2d4f2-088d-4b5e-bfe8-8985dc620f72,8 24-count Boxes of our best selling blends.- Recurring,"#N/A","#N/A",BEV,false,false,Best Sellers Varieties Curated Collection,COF-R-1,"#N/A",Default,One per quote line,"#N/A","#N/A","#N/A",Quantity,"#N/A",false,"#N/A","#N/A","#N/A","#N/A","#N/A","#N/A","#N/A","#N/A","#N/A",false,"#N/A","#N/A",false,"#N/A","#N/A",1.0,false,"#N/A","#N/A","#N/A",false,false,false,false,"#N/A",false,false,false,false,false,false,false,false,"#N/A",Click,false,false,"#N/A",false,List,"#N/A",true,"#N/A",false,"#N/A","#N/A","#N/A",List,"#N/A","#N/A",Fixed Price,"#N/A",1.0,Renewable,"#N/A",false,"#N/A","#N/A","#N/A","#N/A","#N/A","#N/A","#N/A","#N/A"
0620c398-ac4e-42d6-a931-778bc14cd497,1 24-count Box of K-Cups Pods- One time,"#N/A","#N/A",BEV,false,false,Pumpkin Sandbox Latte,COF-OT-3,"#N/A",Default,One per quote line,"#N/A","#N/A","#N/A",Quantity,"#N/A",false,"#N/A","#N/A","#N/A","#N/A","#N/A","#N/A","#N/A","#N/A","#N/A",false,"#N/A","#N/A",false,"#N/A","#N/A",1.0,false,"#N/A","#N/A","#N/A",false,false,false,false,"#N/A",false,false,false,false,false,false,false,false,"#N/A",Click,false,false,"#N/A",false,List,"#N/A",true,"#N/A",false,"#N/A","#N/A","#N/A",List,"#N/A","#N/A","#N/A","#N/A","#N/A",One-time,"#N/A",false,"#N/A","#N/A","#N/A","#N/A","#N/A","#N/A","#N/A","#N/A"
089c6242-5964-4a10-ac1a-2c26d9c088aa,8 24-count Boxes of our best selling blends.- One time,"#N/A","#N/A",BEV,false,false,Best Sellers Varieties Curated Collection,COF-OT-1,"#N/A",Default,One per quote line,"#N/A","#N/A","#N/A",Quantity,"#N/A",false,"#N/A","#N/A","#N/A","#N/A","#N/A","#N/A","#N/A","#N/A","#N/A",false,"#N/A","#N/A",false,"#N/A","#N/A",1.0,false,"#N/A","#N/A","#N/A",false,false,false,false,"#N/A",false,false,false,false,false,false,false,false,"#N/A",Click,false,false,"#N/A",false,List,"#N/A",true,"#N/A",false,"#N/A","#N/A","#N/A",List,"#N/A","#N/A","#N/A","#N/A","#N/A",One-time,"#N/A",false,"#N/A","#N/A","#N/A","#N/A","#N/A","#N/A","#N/A","#N/A"
0a79a626-e559-49b8-b172-00d6984be396,8 24-count Boxes of our best selling blends.- One time,"#N/A","#N/A",BEV,false,false,Best Sellers Varieties Curated Collection,COF-OT-1,"#N/A",Default,One per quote line,"#N/A","#N/A","#N/A",Quantity,"#N/A",false,"#N/A","#N/A","#N/A","#N/A","#N/A","#N/A","#N/A","#N/A","#N/A",false,"#N/A","#N/A",false,"#N/A","#N/A",1.0,false,"#N/A","#N/A","#N/A",false,false,false,false,"#N/A",false,false,false,false,false,false,false,false,"#N/A",Click,false,false,"#N/A",false,List,"#N/A",true,"#N/A",false,"#N/A","#N/A","#N/A",List,"#N/A","#N/A","#N/A","#N/A","#N/A",One-time,"#N/A",false,"#N/A","#N/A","#N/A","#N/A","#N/A","#N/A","#N/A","#N/A"
0d4d6d1b-7a6c-49ea-b2d4-76d9815c584c,Safelog Secure Access VPN,"#N/A","#N/A",Endpoint,true,false,SafeLog Secure Access VPN,EP1,"#N/A",Default,One per quote line,"#N/A","#N/A","#N/A",Quantity,"#N/A",false,"#N/A","#N/A","#N/A","#N/A","#N/A","#N/A","#N/A","#N/A","#N/A",false,"#N/A","#N/A",false,"#N/A","#N/A",25.0,false,"#N/A","#N/A","#N/A",false,false,false,false,"#N/A",false,false,false,false,false,false,false,false,"#N/A",Click,false,false,"#N/A",false,List,015Do000000kdaz,true,"#N/A",false,"#N/A","#N/A","#N/A",List,"#N/A","#N/A","#N/A","#N/A","#N/A",Renewable,"#N/A",false,"#N/A","#N/A","#N/A","#N/A","#N/A","#N/A","#N/A","#N/A"
0f606653-c169-4549-a41f-a5ce85333060,1 24-count Box of K-Cups Pods- Recurring,"#N/A","#N/A",BEV,false,false,Version Control Cappuccino,COF-R-7,"#N/A",Default,One per quote line,"#N/A","#N/A","#N/A",Quantity,"#N/A",false,"#N/A","#N/A","#N/A","#N/A","#N/A","#N/A","#N/A","#N/A","#N/A",false,"#N/A","#N/A",false,"#N/A","#N/A",1.0,false,"#N/A","#N/A","#N/A",false,false,false,false,"#N/A",false,false,false,false,false,false,false,false,"#N/A",Click,false,false,"#N/A",false,List,"#N/A",true,"#N/A",false,"#N/A","#N/A","#N/A",List,"#N/A","#N/A",Fixed Price,"#N/A",1.0,Renewable,"#N/A",false,"#N/A","#N/A","#N/A","#N/A","#N/A","#N/A","#N/A","#N/A"
10df3a30-4483-40aa-817e-964016b6dc2e,1 24-count Box of K-Cups Pods- Recurring,"#N/A","#N/A",BEV,false,false,Declarative Decaf,COF-R-2,"#N/A",Default,One per quote line,"#N/A","#N/A","#N/A",Quantity,"#N/A",false,"#N/A","#N/A","#N/A","#N/A","#N/A","#N/A","#N/A","#N/A","#N/A",false,"#N/A","#N/A",false,"#N/A","#N/A",1.0,false,"#N/A","#N/A","#N/A",false,false,false,false,"#N/A",false,false,false,false,false,false,false,false,"#N/A",Click,false,false,"#N/A",false,List,"#N/A",true,"#N/A",false,"#N/A","#N/A","#N/A",List,"#N/A","#N/A",Fixed Price,"#N/A",1.0,Renewable,"#N/A",false,"#N/A","#N/A","#N/A","#N/A","#N/A","#N/A","#N/A","#N/A"
145549ae-cac5-4142-a104-24534264a15a,10 Gallon Bag in Box Syrup- Recurring,"#N/A","#N/A",BEV,false,false,Org-to-Org Orange Syrup,POP-R-6,"#N/A",Default,One per quote line,"#N/A","#N/A","#N/A",Quantity,"#N/A",false,"#N/A","#N/A","#N/A","#N/A","#N/A","#N/A","#N/A","#N/A","#N/A",false,"#N/A","#N/A",false,"#N/A","#N/A",1.0,false,"#N/A","#N/A","#N/A",false,false,false,false,"#N/A",false,false,false,false,false,false,false,false,"#N/A",Click,false,false,"#N/A",false,List,"#N/A",true,"#N/A",false,"#N/A","#N/A","#N/A",List,"#N/A","#N/A",Fixed Price,"#N/A",1.0,Renewable,"#N/A",false,"#N/A","#N/A","#N/A","#N/A","#N/A","#N/A","#N/A","#N/A"
17ea16a8-eb41-49d0-a35e-b3e79aa44e8f,1 24-count Box of K-Cups Pods- One time,"#N/A","#N/A",BEV,false,false,Change Management Mocha,COF-OT-5,"#N/A",Default,One per quote line,"#N/A","#N/A","#N/A",Quantity,"#N/A",false,"#N/A","#N/A","#N/A","#N/A","#N/A","#N/A","#N/A","#N/A","#N/A",false,"#N/A","#N/A",false,"#N/A","#N/A",1.0,false,"#N/A","#N/A","#N/A",false,false,false,false,"#N/A",false,false,false,false,false,false,false,false,"#N/A",Click,false,false,"#N/A",false,List,"#N/A",true,"#N/A",false,"#N/A","#N/A","#N/A",List,"#N/A","#N/A","#N/A","#N/A","#N/A",One-time,"#N/A",false,"#N/A","#N/A","#N/A","#N/A","#N/A","#N/A","#N/A","#N/A"
17f1da61-81a2-411c-93d1-22444722bb56,7 Gallon Bag in Box Syrup- One time,"#N/A","#N/A",BEV,false,false,Deploy Dew Syrup,POP-OT-3,"#N/A",Default,One per quote line,"#N/A","#N/A","#N/A",Quantity,"#N/A",false,"#N/A","#N/A","#N/A","#N/A","#N/A","#N/A","#N/A","#N/A","#N/A",false,"#N/A","#N/A",false,"#N/A","#N/A",1.0,false,"#N/A","#N/A","#N/A",false,false,false,false,"#N/A",false,false,false,false,false,false,false,false,"#N/A",Click,false,false,"#N/A",false,List,"#N/A",true,"#N/A",false,"#N/A","#N/A","#N/A",List,"#N/A","#N/A","#N/A","#N/A","#N/A",One-time,"#N/A",false,"#N/A","#N/A","#N/A","#N/A","#N/A","#N/A","#N/A","#N/A"
189c2cf1-bcd2-4cc6-a5af-e256663759a1,10 Gallon Bag in Box Syrup- Recurring,"#N/A","#N/A",BEV,false,false,Org-to-Org Orange Syrup,POP-R-6,"#N/A",Default,One per quote line,"#N/A","#N/A","#N/A",Quantity,"#N/A",false,"#N/A","#N/A","#N/A","#N/A","#N/A","#N/A","#N/A","#N/A","#N/A",false,"#N/A","#N/A",false,"#N/A","#N/A",1.0,false,"#N/A","#N/A","#N/A",false,false,false,false,"#N/A",false,false,false,false,false,false,false,false,"#N/A",Click,false,false,"#N/A",false,List,"#N/A",true,"#N/A",false,"#N/A","#N/A","#N/A",List,"#N/A","#N/A",Fixed Price,"#N/A",1.0,Renewable,"#N/A",false,"#N/A","#N/A","#N/A","#N/A","#N/A","#N/A","#N/A","#N/A"
1bb8b40d-ee6e-4793-a018-d0b70567f090,1 24-count Box of K-Cups Pods- Recurring,"#N/A","#N/A",BEV,false,false,Change Management Mocha,COF-R-5,"#N/A",Default,One per quote line,"#N/A","#N/A","#N/A",Quantity,"#N/A",false,"#N/A","#N/A","#N/A","#N/A","#N/A","#N/A","#N/A","#N/A","#N/A",false,"#N/A","#N/A",false,"#N/A","#N/A",1.0,false,"#N/A","#N/A","#N/A",false,false,false,false,"#N/A",false,false,false,false,false,false,false,false,"#N/A",Click,false,false,"#N/A",false,List,"#N/A",true,"#N/A",false,"#N/A","#N/A","#N/A",List,"#N/A","#N/A",Fixed Price,"#N/A",1.0,Renewable,"#N/A",false,"#N/A","#N/A","#N/A","#N/A","#N/A","#N/A","#N/A","#N/A"
1c16ea0b-1022-4934-b277-b08bb1d2c837,7 Gallon Bag in Box Syrup- One time,"#N/A","#N/A",BEV,false,false,Deploy Dew Syrup,POP-OT-3,"#N/A",Default,One per quote line,"#N/A","#N/A","#N/A",Quantity,"#N/A",false,"#N/A","#N/A","#N/A","#N/A","#N/A","#N/A","#N/A","#N/A","#N/A",false,"#N/A","#N/A",false,"#N/A","#N/A",1.0,false,"#N/A","#N/A","#N/A",false,false,false,false,"#N/A",false,false,false,false,false,false,false,false,"#N/A",Click,false,false,"#N/A",false,List,"#N/A",true,"#N/A",false,"#N/A","#N/A","#N/A",List,"#N/A","#N/A","#N/A","#N/A","#N/A",One-time,"#N/A",false,"#N/A","#N/A","#N/A","#N/A","#N/A","#N/A","#N/A","#N/A"
1c2a6716-9cc5-46de-aec5-a3bd25a3b693,1 24-count Box of K-Cups Pods- Recurring,"#N/A","#N/A",BEV,false,false,Version Control Cappuccino,COF-R-7,"#N/A",Default,One per quote line,"#N/A","#N/A","#N/A",Quantity,"#N/A",false,"#N/A","#N/A","#N/A","#N/A","#N/A","#N/A","#N/A","#N/A","#N/A",false,"#N/A","#N/A",false,"#N/A","#N/A",1.0,false,"#N/A","#N/A","#N/A",false,false,false,false,"#N/A",false,false,false,false,false,false,false,false,"#N/A",Click,false,false,"#N/A",false,List,"#N/A",true,"#N/A",false,"#N/A","#N/A","#N/A",List,"#N/A","#N/A",Fixed Price,"#N/A",1.0,Renewable,"#N/A",false,"#N/A","#N/A","#N/A","#N/A","#N/A","#N/A","#N/A","#N/A"
1e236f53-0299-4ae0-9d76-cb1ca63bf645,1 24-count Box of K-Cups Pods- Recurring,"#N/A","#N/A",BEV,false,false,Declarative Decaf,COF-R-2,"#N/A",Default,One per quote line,"#N/A","#N/A","#N/A",Quantity,"#N/A",false,"#N/A","#N/A","#N/A","#N/A","#N/A","#N/A","#N/A","#N/A","#N/A",false,"#N/A","#N/A",false,"#N/A","#N/A",1.0,false,"#N/A","#N/A","#N/A",false,false,false,false,"#N/A",false,false,false,false,false,false,false,false,"#N/A",Click,false,false,"#N/A",false,List,"#N/A",true,"#N/A",false,"#N/A","#N/A","#N/A",List,"#N/A","#N/A",Fixed Price,"#N/A",1.0,Renewable,"#N/A",false,"#N/A","#N/A","#N/A","#N/A","#N/A","#N/A","#N/A","#N/A"
1e83bff9-4bbe-46fd-824d-5fd3bef21da8,6 Gallon Bag in Box Syrup- One time,"#N/A","#N/A",BEV,false,false,Dr. Prod Syrup,POP-OT-2,"#N/A",Default,One per quote line,"#N/A","#N/A","#N/A",Quantity,"#N/A",false,"#N/A","#N/A","#N/A","#N/A","#N/A","#N/A","#N/A","#N/A","#N/A",false,"#N/A","#N/A",false,"#N/A","#N/A",1.0,false,"#N/A","#N/A","#N/A",false,false,false,false,"#N/A",false,false,false,false,false,false,false,false,"#N/A",Click,false,false,"#N/A",false,List,"#N/A",true,"#N/A",false,"#N/A","#N/A","#N/A",List,"#N/A","#N/A","#N/A","#N/A","#N/A",One-time,"#N/A",false,"#N/A","#N/A","#N/A","#N/A","#N/A","#N/A","#N/A","#N/A"
210cb14d-3f20-4457-9853-2d9cdf274fa4,"Fully programmable coffee maker with an interactive touch-screen that allows for a customizable brewing experience.
Includes Direct Plumb Kit Accessory","#N/A","#N/A",EQP,false,false,Keurig® K150P - Plumbed Commercial Coffee Maker,EQP-OT-4,"#N/A",Default,One per quote line,"#N/A","#N/A","#N/A",Quantity,"#N/A",false,"#N/A","#N/A","#N/A","#N/A","#N/A","#N/A","#N/A","#N/A","#N/A",false,"#N/A","#N/A",false,"#N/A","#N/A",1.0,false,"#N/A","#N/A","#N/A",false,false,false,false,"#N/A",false,false,false,false,false,false,false,false,"#N/A",Click,false,false,"#N/A",false,List,"#N/A",true,"#N/A",false,"#N/A","#N/A","#N/A",List,"#N/A","#N/A","#N/A","#N/A","#N/A",One-time,"#N/A",false,"#N/A","#N/A","#N/A","#N/A","#N/A","#N/A","#N/A","#N/A"
236e999f-da56-4ce8-bb5a-c116eacf7d5d,A high capacity coffee maker designed for continuous use with direct water line plumbing.,"#N/A","#N/A",EQP,false,false,Keurig® K-2500® Plumbed Commercial Coffee Maker,EQP-OT-5,"#N/A",Default,One per quote line,"#N/A","#N/A","#N/A",Quantity,"#N/A",false,"#N/A","#N/A","#N/A","#N/A","#N/A","#N/A","#N/A","#N/A","#N/A",false,"#N/A","#N/A",false,"#N/A","#N/A",1.0,false,"#N/A","#N/A","#N/A",false,false,false,false,"#N/A",false,false,false,false,false,false,false,false,"#N/A",Click,false,false,"#N/A",false,List,"#N/A",true,"#N/A",false,"#N/A","#N/A","#N/A",List,"#N/A","#N/A","#N/A","#N/A","#N/A",One-time,"#N/A",false,"#N/A","#N/A","#N/A","#N/A","#N/A","#N/A","#N/A","#N/A"
23828010-976b-4a5c-97f0-d73cc432d073,12 Gallon Bag in Box Syrup- One time,"#N/A","#N/A",BEV,false,false,Agile Ginger Ale Syrup,POP-OT-8,"#N/A",Default,One per quote line,"#N/A","#N/A","#N/A",Quantity,"#N/A",false,"#N/A","#N/A","#N/A","#N/A","#N/A","#N/A","#N/A","#N/A","#N/A",false,"#N/A","#N/A",false,"#N/A","#N/A",1.0,false,"#N/A","#N/A","#N/A",false,false,false,false,"#N/A",false,false,false,false,false,false,false,false,"#N/A",Click,false,false,"#N/A",false,List,"#N/A",true,"#N/A",false,"#N/A","#N/A","#N/A",List,"#N/A","#N/A","#N/A","#N/A","#N/A",One-time,"#N/A",false,"#N/A","#N/A","#N/A","#N/A","#N/A","#N/A","#N/A","#N/A"
250a512c-c209-497b-9797-3dee5556ef1b,11 Gallon Bag in Box Syrup- Recurring,"#N/A","#N/A",BEV,false,false,Release Root Beer Syrup,POP-R-7,"#N/A",Default,One per quote line,"#N/A","#N/A","#N/A",Quantity,"#N/A",false,"#N/A","#N/A","#N/A","#N/A","#N/A","#N/A","#N/A","#N/A","#N/A",false,"#N/A","#N/A",false,"#N/A","#N/A",1.0,false,"#N/A","#N/A","#N/A",false,false,false,false,"#N/A",false,false,false,false,false,false,false,false,"#N/A",Click,false,false,"#N/A",false,List,"#N/A",true,"#N/A",false,"#N/A","#N/A","#N/A",List,"#N/A","#N/A",Fixed Price,"#N/A",1.0,Renewable,"#N/A",false,"#N/A","#N/A","#N/A","#N/A","#N/A","#N/A","#N/A","#N/A"
263ac957-82fe-4ff5-973b-a0e3b657e4c9,Regular cleaning & preventative maintenance to keep your equipment operating optimally.- Recurring,"#N/A","#N/A",SRV,false,false,Monthly Maintance Plan,SRV-R-2,"#N/A",Default,One per quote line,"#N/A","#N/A","#N/A",Quantity,"#N/A",true,"#N/A","#N/A","#N/A","#N/A","#N/A","#N/A","#N/A","#N/A","#N/A",false,"#N/A","#N/A",false,"#N/A","#N/A",1.0,false,"#N/A","#N/A","#N/A",false,false,false,false,"#N/A",false,false,false,false,false,false,false,false,"#N/A",Click,false,false,"#N/A",false,List,"#N/A",true,"#N/A",false,"#N/A","#N/A","#N/A",List,"#N/A","#N/A",Fixed Price,"#N/A",1.0,Renewable,"#N/A",false,"#N/A","#N/A","#N/A","#N/A","#N/A","#N/A","#N/A","#N/A"
2e2d3acb-b203-4266-b80b-0ee676a08e48,Secure Security Manager,"#N/A","#N/A",Security Management,true,false,Secure Security Manager,SM4,"#N/A",Default,One per quote line,"#N/A","#N/A","#N/A",Quantity,"#N/A",false,"#N/A","#N/A","#N/A","#N/A","#N/A","#N/A","#N/A","#N/A","#N/A",false,"#N/A","#N/A",false,"#N/A","#N/A",10.0,false,"#N/A","#N/A","#N/A",false,false,false,false,"#N/A",false,false,false,false,false,false,false,false,"#N/A",Click,false,false,"#N/A",false,List,015Do000000kdb0,true,"#N/A",false,"#N/A","#N/A","#N/A",List,"#N/A","#N/A","#N/A","#N/A","#N/A",Renewable,"#N/A",false,"#N/A","#N/A","#N/A","#N/A","#N/A","#N/A","#N/A","#N/A"
2eea59a3-225c-4cb4-8485-d192cb10f217,Platinum Consulting Plan,"#N/A","#N/A",Professional Services,true,false,Platinum Consulting Plan,PS3,"#N/A",Default,One per quote line,"#N/A","#N/A","#N/A",Quantity,"#N/A",false,"#N/A","#N/A","#N/A","#N/A","#N/A","#N/A","#N/A","#N/A","#N/A",false,"#N/A","#N/A",false,"#N/A","#N/A",1.0,false,"#N/A","#N/A","#N/A",false,false,false,false,"#N/A",false,false,false,false,false,false,false,false,"#N/A",Click,false,false,"#N/A",false,List,015Do000000PDMK,true,"#N/A",false,"#N/A","#N/A","#N/A",List,"#N/A","#N/A","#N/A","#N/A","#N/A",Renewable,"#N/A",false,"#N/A","#N/A","#N/A","#N/A","#N/A","#N/A","#N/A","#N/A"
2fda482b-f922-4766-a3d2-8d85ac5ac167,A high capacity coffee maker designed for continuous use with direct water line plumbing.,"#N/A","#N/A",EQP,false,false,Keurig® K-2500® Plumbed Commercial Coffee Maker,EQP-OT-5,"#N/A",Default,One per quote line,"#N/A","#N/A","#N/A",Quantity,"#N/A",false,"#N/A","#N/A","#N/A","#N/A","#N/A","#N/A","#N/A","#N/A","#N/A",false,"#N/A","#N/A",false,"#N/A","#N/A",1.0,false,"#N/A","#N/A","#N/A",false,false,false,false,"#N/A",false,false,false,false,false,false,false,false,"#N/A",Click,false,false,"#N/A",false,List,"#N/A",true,"#N/A",false,"#N/A","#N/A","#N/A",List,"#N/A","#N/A","#N/A","#N/A","#N/A",One-time,"#N/A",false,"#N/A","#N/A","#N/A","#N/A","#N/A","#N/A","#N/A","#N/A"
36d686f7-ef5a-4992-ad9f-7eb68b53cdaa,Personal Security Firewall,"#N/A","#N/A",Network,true,false,Personal Security Firewall,N1,"#N/A","#N/A","#N/A","#N/A","#N/A","#N/A","#N/A","#N/A",false,"#N/A","#N/A","#N/A","#N/A","#N/A","#N/A","#N/A","#N/A","#N/A",false,"#N/A","#N/A",false,"#N/A","#N/A",5.0,false,"#N/A","#N/A","#N/A",false,false,false,false,"#N/A",false,false,false,false,false,false,false,false,"#N/A","#N/A",false,false,"#N/A",false,"#N/A",015Do000000kdau,true,"#N/A",false,"#N/A","#N/A","#N/A","#N/A","#N/A","#N/A","#N/A","#N/A","#N/A","#N/A","#N/A",false,"#N/A","#N/A","#N/A","#N/A","#N/A","#N/A","#N/A","#N/A"
3947888f-803b-472f-8c4d-f5c7650f82d5,10 Gallon Bag in Box Syrup- One time,"#N/A","#N/A",BEV,false,false,Org-to-Org Orange Syrup,POP-OT-6,"#N/A",Default,One per quote line,"#N/A","#N/A","#N/A",Quantity,"#N/A",false,"#N/A","#N/A","#N/A","#N/A","#N/A","#N/A","#N/A","#N/A","#N/A",false,"#N/A","#N/A",false,"#N/A","#N/A",1.0,false,"#N/A","#N/A","#N/A",false,false,false,false,"#N/A",false,false,false,false,false,false,false,false,"#N/A",Click,false,false,"#N/A",false,List,"#N/A",true,"#N/A",false,"#N/A","#N/A","#N/A",List,"#N/A","#N/A","#N/A","#N/A","#N/A",One-time,"#N/A",false,"#N/A","#N/A","#N/A","#N/A","#N/A","#N/A","#N/A","#N/A"
3964f695-63b1-43a0-ba31-b7bcee22f871,Vulnerability Testing: Omega,"#N/A","#N/A",Professional Services,true,false,Vulnerability Testing: Omega,VT1,"#N/A","#N/A","#N/A","#N/A","#N/A","#N/A","#N/A","#N/A",false,"#N/A","#N/A","#N/A","#N/A","#N/A","#N/A","#N/A","#N/A","#N/A",false,"#N/A","#N/A",false,"#N/A","#N/A",1.0,false,"#N/A","#N/A","#N/A",false,false,false,false,"#N/A",false,false,false,false,false,false,false,false,"#N/A","#N/A",false,false,"#N/A",false,"#N/A",015Do000000kdax,true,"#N/A",false,"#N/A","#N/A","#N/A","#N/A","#N/A","#N/A","#N/A","#N/A","#N/A","#N/A","#N/A",false,"#N/A","#N/A","#N/A","#N/A","#N/A","#N/A","#N/A","#N/A"
399ec5e4-7d08-47e6-bc04-9759d37727d3,Secure Endpoint Compliance Manager,"#N/A","#N/A",Security Management,true,false,Secure Endpoint Compliance Manager,SM3,"#N/A","#N/A","#N/A","#N/A","#N/A","#N/A","#N/A","#N/A",false,"#N/A","#N/A","#N/A","#N/A","#N/A","#N/A","#N/A","#N/A","#N/A",false,"#N/A","#N/A",false,"#N/A","#N/A",5.0,false,"#N/A","#N/A","#N/A",false,false,false,false,"#N/A",false,false,false,false,false,false,false,false,"#N/A","#N/A",false,false,"#N/A",false,"#N/A",015Do000000kday,true,"#N/A",false,"#N/A","#N/A","#N/A","#N/A","#N/A","#N/A","#N/A","#N/A","#N/A","#N/A","#N/A",false,"#N/A","#N/A","#N/A","#N/A","#N/A","#N/A","#N/A","#N/A"
3b122c22-fe38-4070-b1b8-389ccfb25d28,9 Gallon Bag in Box Syrup- Recurring,"#N/A","#N/A",BEV,false,false,Go-Live Grape Syrup,POP-R-5,"#N/A",Default,One per quote line,"#N/A","#N/A","#N/A",Quantity,"#N/A",false,"#N/A","#N/A","#N/A","#N/A","#N/A","#N/A","#N/A","#N/A","#N/A",false,"#N/A","#N/A",false,"#N/A","#N/A",1.0,false,"#N/A","#N/A","#N/A",false,false,false,false,"#N/A",false,false,false,false,false,false,false,false,"#N/A",Click,false,false,"#N/A",false,List,"#N/A",true,"#N/A",false,"#N/A","#N/A","#N/A",List,"#N/A","#N/A",Fixed Price,"#N/A",1.0,Renewable,"#N/A",false,"#N/A","#N/A","#N/A","#N/A","#N/A","#N/A","#N/A","#N/A"
3e77f43b-8ff0-448c-aa93-d76e5005ebdc,1 24-count Box of K-Cups Pods- One time,"#N/A","#N/A",BEV,false,false,Pumpkin Sandbox Latte,COF-OT-3,"#N/A",Default,One per quote line,"#N/A","#N/A","#N/A",Quantity,"#N/A",false,"#N/A","#N/A","#N/A","#N/A","#N/A","#N/A","#N/A","#N/A","#N/A",false,"#N/A","#N/A",false,"#N/A","#N/A",1.0,false,"#N/A","#N/A","#N/A",false,false,false,false,"#N/A",false,false,false,false,false,false,false,false,"#N/A",Click,false,false,"#N/A",false,List,"#N/A",true,"#N/A",false,"#N/A","#N/A","#N/A",List,"#N/A","#N/A","#N/A","#N/A","#N/A",One-time,"#N/A",false,"#N/A","#N/A","#N/A","#N/A","#N/A","#N/A","#N/A","#N/A"
3e8e1f7f-437d-4eb9-8e32-997506133f3e,11 Gallon Bag in Box Syrup- Recurring,"#N/A","#N/A",BEV,false,false,Release Root Beer Syrup,POP-R-7,"#N/A",Default,One per quote line,"#N/A","#N/A","#N/A",Quantity,"#N/A",false,"#N/A","#N/A","#N/A","#N/A","#N/A","#N/A","#N/A","#N/A","#N/A",false,"#N/A","#N/A",false,"#N/A","#N/A",1.0,false,"#N/A","#N/A","#N/A",false,false,false,false,"#N/A",false,false,false,false,false,false,false,false,"#N/A",Click,false,false,"#N/A",false,List,"#N/A",true,"#N/A",false,"#N/A","#N/A","#N/A",List,"#N/A","#N/A",Fixed Price,"#N/A",1.0,Renewable,"#N/A",false,"#N/A","#N/A","#N/A","#N/A","#N/A","#N/A","#N/A","#N/A"
406181cc-568d-4f79-90b8-99f2207dcf9d,6 Gallon Bag in Box Syrup- Recurring,"#N/A","#N/A",BEV,false,false,Dr. Prod Syrup,POP-R-2,"#N/A",Default,One per quote line,"#N/A","#N/A","#N/A",Quantity,"#N/A",false,"#N/A","#N/A","#N/A","#N/A","#N/A","#N/A","#N/A","#N/A","#N/A",false,"#N/A","#N/A",false,"#N/A","#N/A",1.0,false,"#N/A","#N/A","#N/A",false,false,false,false,"#N/A",false,false,false,false,false,false,false,false,"#N/A",Click,false,false,"#N/A",false,List,"#N/A",true,"#N/A",false,"#N/A","#N/A","#N/A",List,"#N/A","#N/A",Fixed Price,"#N/A",1.0,Renewable,"#N/A",false,"#N/A","#N/A","#N/A","#N/A","#N/A","#N/A","#N/A","#N/A"
417c0668-18c6-401b-a44d-1e1cd1f37fb6,Business Password Vault,"#N/A","#N/A",Password Vault,true,false,Business Password Vault,PV2,"#N/A","#N/A","#N/A","#N/A","#N/A","#N/A","#N/A","#N/A",false,"#N/A","#N/A","#N/A","#N/A","#N/A","#N/A","#N/A","#N/A","#N/A",false,"#N/A","#N/A",false,"#N/A","#N/A",50.0,false,"#N/A","#N/A","#N/A",false,false,false,false,"#N/A",false,false,false,false,false,false,false,false,"#N/A","#N/A",false,false,"#N/A",false,"#N/A",015Do000000kdb1,true,"#N/A",false,"#N/A","#N/A","#N/A","#N/A","#N/A","#N/A","#N/A","#N/A","#N/A","#N/A","#N/A",false,"#N/A","#N/A","#N/A","#N/A","#N/A","#N/A","#N/A","#N/A"
43945675-bc91-4f35-8b0f-e29ec1bdd646,8 Gallon Bag in Box Syrup- Recurring,"#N/A","#N/A",BEV,false,false,Low-Code Lemon-Lime Syrup,POP-R-4,"#N/A",Default,One per quote line,"#N/A","#N/A","#N/A",Quantity,"#N/A",false,"#N/A","#N/A","#N/A","#N/A","#N/A","#N/A","#N/A","#N/A","#N/A",false,"#N/A","#N/A",false,"#N/A","#N/A",1.0,false,"#N/A","#N/A","#N/A",false,false,false,false,"#N/A",false,false,false,false,false,false,false,false,"#N/A",Click,false,false,"#N/A",false,List,"#N/A",true,"#N/A",false,"#N/A","#N/A","#N/A",List,"#N/A","#N/A",Fixed Price,"#N/A",1.0,Renewable,"#N/A",false,"#N/A","#N/A","#N/A","#N/A","#N/A","#N/A","#N/A","#N/A"
441041b0-6176-433c-8cf6-459548ba2bcf,25+ User Training,"#N/A","#N/A",Training,true,false,25+ User Training,T2,"#N/A",Default,One per quote line,"#N/A","#N/A","#N/A",Quantity,"#N/A",false,"#N/A","#N/A","#N/A","#N/A","#N/A","#N/A","#N/A","#N/A","#N/A",false,"#N/A","#N/A",false,"#N/A","#N/A",1.0,false,"#N/A","#N/A","#N/A",false,false,false,false,"#N/A",false,false,false,false,false,false,false,false,"#N/A",Click,false,false,"#N/A",false,List,015Do000000kdar,true,"#N/A",false,"#N/A","#N/A","#N/A",List,"#N/A","#N/A","#N/A","#N/A","#N/A",Renewable,"#N/A",false,"#N/A","#N/A","#N/A","#N/A","#N/A","#N/A","#N/A","#N/A"
46aeb4fe-70d3-4abf-b011-6a3f62aab237,1 24-count Box of K-Cups Pods- One time,"#N/A","#N/A",BEV,false,false,Declarative Decaf,COF-OT-2,"#N/A",Default,One per quote line,"#N/A","#N/A","#N/A",Quantity,"#N/A",false,"#N/A","#N/A","#N/A","#N/A","#N/A","#N/A","#N/A","#N/A","#N/A",false,"#N/A","#N/A",false,"#N/A","#N/A",1.0,false,"#N/A","#N/A","#N/A",false,false,false,false,"#N/A",false,false,false,false,false,false,false,false,"#N/A",Click,false,false,"#N/A",false,List,"#N/A",true,"#N/A",false,"#N/A","#N/A","#N/A",List,"#N/A","#N/A","#N/A","#N/A","#N/A",One-time,"#N/A",false,"#N/A","#N/A","#N/A","#N/A","#N/A","#N/A","#N/A","#N/A"
483f719a-7b55-4467-a25f-909eef70a923,8 Gallon Bag in Box Syrup- One time,"#N/A","#N/A",BEV,false,false,Low-Code Lemon-Lime Syrup,POP-OT-4,"#N/A",Default,One per quote line,"#N/A","#N/A","#N/A",Quantity,"#N/A",false,"#N/A","#N/A","#N/A","#N/A","#N/A","#N/A","#N/A","#N/A","#N/A",false,"#N/A","#N/A",false,"#N/A","#N/A",1.0,false,"#N/A","#N/A","#N/A",false,false,false,false,"#N/A",false,false,false,false,false,false,false,false,"#N/A",Click,false,false,"#N/A",false,List,"#N/A",true,"#N/A",false,"#N/A","#N/A","#N/A",List,"#N/A","#N/A","#N/A","#N/A","#N/A",One-time,"#N/A",false,"#N/A","#N/A","#N/A","#N/A","#N/A","#N/A","#N/A","#N/A"
48a73c92-ddc3-4eda-ad20-10a15fa51489,Customized Implementation,"#N/A","#N/A",Implementation Services,true,false,Customized Implementation,IS3,"#N/A",Default,One per quote line,"#N/A","#N/A","#N/A",Quantity,"#N/A",false,"#N/A","#N/A","#N/A","#N/A","#N/A","#N/A","#N/A","#N/A","#N/A",false,"#N/A","#N/A",false,"#N/A","#N/A",1.0,false,"#N/A","#N/A","#N/A",false,false,false,false,"#N/A",false,false,false,false,false,false,false,false,"#N/A",Click,false,false,"#N/A",false,List,015Do000000kdap,true,"#N/A",false,"#N/A","#N/A","#N/A",List,"#N/A","#N/A","#N/A","#N/A","#N/A",Renewable,"#N/A",false,"#N/A","#N/A","#N/A","#N/A","#N/A","#N/A","#N/A","#N/A"
493c1374-b6b4-4bd0-b58b-40114de63b3d,5 Gallon Bag in Box Syrup- Recurring,"#N/A","#N/A",BEV,false,false,Prodly Cola Syrup,POP-R-1,"#N/A",Default,One per quote line,"#N/A","#N/A","#N/A",Quantity,"#N/A",false,"#N/A","#N/A","#N/A","#N/A","#N/A","#N/A","#N/A","#N/A","#N/A",false,"#N/A","#N/A",false,"#N/A","#N/A",1.0,false,"#N/A","#N/A","#N/A",false,false,false,false,"#N/A",false,false,false,false,false,false,false,false,"#N/A",Click,false,false,"#N/A",false,List,"#N/A",true,"#N/A",false,"#N/A","#N/A","#N/A",List,"#N/A","#N/A",Fixed Price,"#N/A",1.0,Renewable,"#N/A",false,"#N/A","#N/A","#N/A","#N/A","#N/A","#N/A","#N/A","#N/A"
4a3b2a25-13db-43e9-870f-a59b2d458c6e,5 Gallon Bag in Box Syrup- Recurring,"#N/A","#N/A",BEV,false,false,Prodly Cola Syrup,POP-R-1,"#N/A",Default,One per quote line,"#N/A","#N/A","#N/A",Quantity,"#N/A",false,"#N/A","#N/A","#N/A","#N/A","#N/A","#N/A","#N/A","#N/A","#N/A",false,"#N/A","#N/A",false,"#N/A","#N/A",1.0,false,"#N/A","#N/A","#N/A",false,false,false,false,"#N/A",false,false,false,false,false,false,false,false,"#N/A",Click,false,false,"#N/A",false,List,"#N/A",true,"#N/A",false,"#N/A","#N/A","#N/A",List,"#N/A","#N/A",Fixed Price,"#N/A",1.0,Renewable,"#N/A",false,"#N/A","#N/A","#N/A","#N/A","#N/A","#N/A","#N/A","#N/A"
4bfb883c-5158-4492-a0aa-e470276d4de7,6-25 User Training,"#N/A","#N/A",Training,true,false,6-25 User Training,T1,"#N/A",Default,One per quote line,"#N/A","#N/A","#N/A",Quantity,"#N/A",false,"#N/A","#N/A","#N/A","#N/A","#N/A","#N/A","#N/A","#N/A","#N/A",false,"#N/A","#N/A",false,"#N/A","#N/A",1.0,false,"#N/A","#N/A","#N/A",false,false,false,false,"#N/A",false,false,false,false,false,false,false,false,"#N/A",Click,false,false,"#N/A",false,List,015Do000000kdar,true,"#N/A",false,"#N/A","#N/A","#N/A",List,"#N/A","#N/A","#N/A","#N/A","#N/A",Renewable,"#N/A",false,"#N/A","#N/A","#N/A","#N/A","#N/A","#N/A","#N/A","#N/A"
4c7e28b1-7393-42df-b071-d7eaf7192953,9 Gallon Bag in Box Syrup- Recurring,"#N/A","#N/A",BEV,false,false,Go-Live Grape Syrup,POP-R-5,"#N/A",Default,One per quote line,"#N/A","#N/A","#N/A",Quantity,"#N/A",false,"#N/A","#N/A","#N/A","#N/A","#N/A","#N/A","#N/A","#N/A","#N/A",false,"#N/A","#N/A",false,"#N/A","#N/A",1.0,false,"#N/A","#N/A","#N/A",false,false,false,false,"#N/A",false,false,false,false,false,false,false,false,"#N/A",Click,false,false,"#N/A",false,List,"#N/A",true,"#N/A",false,"#N/A","#N/A","#N/A",List,"#N/A","#N/A",Fixed Price,"#N/A",1.0,Renewable,"#N/A",false,"#N/A","#N/A","#N/A","#N/A","#N/A","#N/A","#N/A","#N/A"
50625439-ea91-431e-99d8-ce1f91984a7d,"10 Flomatic valves to dispense an assortment of beverages. 
Ice dispenser holds 200lb of ice.","#N/A","#N/A",EQP,false,false,10 Valve Push Button Countertop Ice/Beverage Dispenser,EQP-OT-1,"#N/A",Default,One per quote line,"#N/A","#N/A","#N/A",Quantity,"#N/A",false,"#N/A","#N/A","#N/A","#N/A","#N/A","#N/A","#N/A","#N/A","#N/A",false,"#N/A","#N/A",false,"#N/A","#N/A",1.0,false,"#N/A","#N/A","#N/A",false,false,false,false,"#N/A",false,false,false,false,false,false,false,false,"#N/A",Click,false,false,"#N/A",false,List,"#N/A",true,"#N/A",false,"#N/A","#N/A","#N/A",List,"#N/A","#N/A","#N/A","#N/A","#N/A",One-time,"#N/A",false,"#N/A","#N/A","#N/A","#N/A","#N/A","#N/A","#N/A","#N/A"
507aa4cb-6381-41d6-a7e1-0166f941fb5b,Security Certification Training: Basic,"#N/A","#N/A",Training,true,false,Security Certification Training: Basic,SC1,"#N/A",Default,One per quote line,"#N/A","#N/A","#N/A",Quantity,"#N/A",false,"#N/A","#N/A","#N/A","#N/A","#N/A","#N/A","#N/A","#N/A","#N/A",false,"#N/A","#N/A",false,"#N/A","#N/A",5.0,false,"#N/A","#N/A","#N/A",false,false,false,false,"#N/A",false,false,false,false,false,false,false,false,"#N/A",Click,false,false,"#N/A",false,List,015Do000000kdaw,true,"#N/A",false,"#N/A","#N/A","#N/A",List,"#N/A","#N/A","#N/A","#N/A","#N/A",Renewable,"#N/A",false,"#N/A","#N/A","#N/A","#N/A","#N/A","#N/A","#N/A","#N/A"
53951281-39d5-49cd-a6b2-efd63744124f,1 24-count Box of K-Cups Pods- One time,"#N/A","#N/A",BEV,false,false,Change Management Mocha,COF-OT-5,"#N/A",Default,One per quote line,"#N/A","#N/A","#N/A",Quantity,"#N/A",false,"#N/A","#N/A","#N/A","#N/A","#N/A","#N/A","#N/A","#N/A","#N/A",false,"#N/A","#N/A",false,"#N/A","#N/A",1.0,false,"#N/A","#N/A","#N/A",false,false,false,false,"#N/A",false,false,false,false,false,false,false,false,"#N/A",Click,false,false,"#N/A",false,List,"#N/A",true,"#N/A",false,"#N/A","#N/A","#N/A",List,"#N/A","#N/A","#N/A","#N/A","#N/A",One-time,"#N/A",false,"#N/A","#N/A","#N/A","#N/A","#N/A","#N/A","#N/A","#N/A"
59bfd83b-618d-4cb4-834e-89f47889ef4d,12 Gallon Bag in Box Syrup- One time,"#N/A","#N/A",BEV,false,false,Agile Ginger Ale Syrup,POP-OT-8,"#N/A",Default,One per quote line,"#N/A","#N/A","#N/A",Quantity,"#N/A",false,"#N/A","#N/A","#N/A","#N/A","#N/A","#N/A","#N/A","#N/A","#N/A",false,"#N/A","#N/A",false,"#N/A","#N/A",1.0,false,"#N/A","#N/A","#N/A",false,false,false,false,"#N/A",false,false,false,false,false,false,false,false,"#N/A",Click,false,false,"#N/A",false,List,"#N/A",true,"#N/A",false,"#N/A","#N/A","#N/A",List,"#N/A","#N/A","#N/A","#N/A","#N/A",One-time,"#N/A",false,"#N/A","#N/A","#N/A","#N/A","#N/A","#N/A","#N/A","#N/A"
5a46a0d4-6e8d-456b-a3a9-dddc7ff9c48d,10 Gallon Bag in Box Syrup- One time,"#N/A","#N/A",BEV,false,false,Org-to-Org Orange Syrup,POP-OT-6,"#N/A",Default,One per quote line,"#N/A","#N/A","#N/A",Quantity,"#N/A",false,"#N/A","#N/A","#N/A","#N/A","#N/A","#N/A","#N/A","#N/A","#N/A",false,"#N/A","#N/A",false,"#N/A","#N/A",1.0,false,"#N/A","#N/A","#N/A",false,false,false,false,"#N/A",false,false,false,false,false,false,false,false,"#N/A",Click,false,false,"#N/A",false,List,"#N/A",true,"#N/A",false,"#N/A","#N/A","#N/A",List,"#N/A","#N/A","#N/A","#N/A","#N/A",One-time,"#N/A",false,"#N/A","#N/A","#N/A","#N/A","#N/A","#N/A","#N/A","#N/A"
5bdf6b6b-1b57-4a5a-98d1-fde94bf00616,7 Gallon Bag in Box Syrup- Recurring,"#N/A","#N/A",BEV,false,false,Deploy Dew Syrup,POP-R-3,"#N/A",Default,One per quote line,"#N/A","#N/A","#N/A",Quantity,"#N/A",false,"#N/A","#N/A","#N/A","#N/A","#N/A","#N/A","#N/A","#N/A","#N/A",false,"#N/A","#N/A",false,"#N/A","#N/A",1.0,false,"#N/A","#N/A","#N/A",false,false,false,false,"#N/A",false,false,false,false,false,false,false,false,"#N/A",Click,false,false,"#N/A",false,List,"#N/A",true,"#N/A",false,"#N/A","#N/A","#N/A",List,"#N/A","#N/A",Fixed Price,"#N/A",1.0,Renewable,"#N/A",false,"#N/A","#N/A","#N/A","#N/A","#N/A","#N/A","#N/A","#N/A"
60520861-dda2-4901-b228-998dde9c2b89,Enterprise Plus Cloud Storage,"#N/A","#N/A",Cloud Storage,true,false,Enterprise Plus Cloud Storage,CS5,"#N/A","#N/A","#N/A","#N/A","#N/A","#N/A","#N/A","#N/A",false,"#N/A","#N/A","#N/A","#N/A","#N/A","#N/A","#N/A","#N/A","#N/A",false,"#N/A","#N/A",false,"#N/A","#N/A",1.0,false,"#N/A","#N/A","#N/A",false,false,false,false,"#N/A",false,false,false,false,false,false,false,false,"#N/A","#N/A",false,false,"#N/A",false,"#N/A",015Do000000kdav,true,"#N/A",false,"#N/A","#N/A","#N/A","#N/A","#N/A","#N/A","#N/A","#N/A","#N/A","#N/A","#N/A",false,"#N/A","#N/A","#N/A","#N/A","#N/A","#N/A","#N/A","#N/A"
606b81af-3e37-4a29-9cb7-d90b0f68204e,8 Gallon Bag in Box Syrup- Recurring,"#N/A","#N/A",BEV,false,false,Low-Code Lemon-Lime Syrup,POP-R-4,"#N/A",Default,One per quote line,"#N/A","#N/A","#N/A",Quantity,"#N/A",false,"#N/A","#N/A","#N/A","#N/A","#N/A","#N/A","#N/A","#N/A","#N/A",false,"#N/A","#N/A",false,"#N/A","#N/A",1.0,false,"#N/A","#N/A","#N/A",false,false,false,false,"#N/A",false,false,false,false,false,false,false,false,"#N/A",Click,false,false,"#N/A",false,List,"#N/A",true,"#N/A",false,"#N/A","#N/A","#N/A",List,"#N/A","#N/A",Fixed Price,"#N/A",1.0,Renewable,"#N/A",false,"#N/A","#N/A","#N/A","#N/A","#N/A","#N/A","#N/A","#N/A"
63e69a74-d5b4-4208-9e82-9e92d345c5c5,Additional Cloud Storage,"#N/A","#N/A",Cloud Storage,true,false,Additional Cloud Storage,CS6,"#N/A","#N/A","#N/A","#N/A","#N/A","#N/A","#N/A","#N/A",false,"#N/A","#N/A","#N/A","#N/A","#N/A","#N/A","#N/A","#N/A","#N/A",false,"#N/A","#N/A",false,"#N/A","#N/A",5.0,false,"#N/A","#N/A","#N/A",false,false,false,false,"#N/A",false,false,false,false,false,false,false,false,"#N/A","#N/A",false,false,"#N/A",false,"#N/A",015Do000000kdav,true,"#N/A",false,"#N/A","#N/A","#N/A","#N/A","#N/A","#N/A","#N/A","#N/A","#N/A","#N/A","#N/A",false,"#N/A","#N/A","#N/A","#N/A","#N/A","#N/A","#N/A","#N/A"
65a9bf02-1970-486c-9ad6-8de309b012f5,Business Cloud Storage,"#N/A","#N/A",Cloud Storage,true,false,Business Cloud Storage,CS2,"#N/A",Default,One per quote line,"#N/A","#N/A","#N/A",Quantity,"#N/A",false,"#N/A","#N/A","#N/A","#N/A","#N/A","#N/A","#N/A","#N/A","#N/A",false,"#N/A","#N/A",false,"#N/A","#N/A",1.0,false,"#N/A","#N/A","#N/A",false,false,false,false,"#N/A",false,false,false,false,false,false,false,false,"#N/A",Click,false,false,"#N/A",false,List,015Do000000kdav,true,"#N/A",false,"#N/A","#N/A","#N/A",List,"#N/A","#N/A","#N/A","#N/A","#N/A",Renewable,"#N/A",false,"#N/A","#N/A","#N/A","#N/A","#N/A","#N/A","#N/A","#N/A"
67f50437-b5ec-4260-b42b-7ec6b7848026,"10 Flomatic valves to dispense an assortment of beverages. 
Ice dispenser holds 200lb of ice.","#N/A","#N/A",EQP,false,false,10 Valve Push Button Countertop Ice/Beverage Dispenser,EQP-OT-1,"#N/A",Default,One per quote line,"#N/A","#N/A","#N/A",Quantity,"#N/A",false,"#N/A","#N/A","#N/A","#N/A","#N/A","#N/A","#N/A","#N/A","#N/A",false,"#N/A","#N/A",false,"#N/A","#N/A",1.0,false,"#N/A","#N/A","#N/A",false,false,false,false,"#N/A",false,false,false,false,false,false,false,false,"#N/A",Click,false,false,"#N/A",false,List,"#N/A",true,"#N/A",false,"#N/A","#N/A","#N/A",List,"#N/A","#N/A","#N/A","#N/A","#N/A",One-time,"#N/A",false,"#N/A","#N/A","#N/A","#N/A","#N/A","#N/A","#N/A","#N/A"
6a586b4a-9a14-4e98-8577-ba4f7738d3e3,6 Gallon Bag in Box Syrup- One time,"#N/A","#N/A",BEV,false,false,Dr. Prod Syrup,POP-OT-2,"#N/A",Default,One per quote line,"#N/A","#N/A","#N/A",Quantity,"#N/A",false,"#N/A","#N/A","#N/A","#N/A","#N/A","#N/A","#N/A","#N/A","#N/A",false,"#N/A","#N/A",false,"#N/A","#N/A",1.0,false,"#N/A","#N/A","#N/A",false,false,false,false,"#N/A",false,false,false,false,false,false,false,false,"#N/A",Click,false,false,"#N/A",false,List,"#N/A",true,"#N/A",false,"#N/A","#N/A","#N/A",List,"#N/A","#N/A","#N/A","#N/A","#N/A",One-time,"#N/A",false,"#N/A","#N/A","#N/A","#N/A","#N/A","#N/A","#N/A","#N/A"
733e7479-8076-43c9-9c26-d2bb74ef26b1,"K-Cycle™ bins are bundled in packs of five (5), for offices that brew 24 K-Cup® pods or more a day - 450 K-Cup® pods per bin. Single bins are not available.- Recurring
 
EACH BIN INCLUDES
1. Pre-paid UPS return label affixed to bin
2. Pre-affixed bag and zip tie seal for brewed K-Cup® pod collection","#N/A","#N/A",SRV,false,false,KCup Recycling Program,SRV-R-1,"#N/A",Default,One per quote line,"#N/A","#N/A","#N/A",Quantity,"#N/A",true,"#N/A","#N/A","#N/A","#N/A","#N/A","#N/A","#N/A","#N/A","#N/A",false,"#N/A","#N/A",false,"#N/A","#N/A",1.0,false,"#N/A","#N/A","#N/A",false,false,false,false,"#N/A",false,false,false,false,false,false,false,false,"#N/A",Click,false,false,"#N/A",false,List,"#N/A",true,"#N/A",false,"#N/A","#N/A","#N/A",List,"#N/A","#N/A",Fixed Price,"#N/A",1.0,Renewable,"#N/A",false,"#N/A","#N/A","#N/A","#N/A","#N/A","#N/A","#N/A","#N/A"
7a6aa19e-8d08-4cde-9a5b-7ccde1ab9143,"Consists of 10 lines bundled together
Each line is 3/8"" in diameter
Roll contains 100' of bundled tubing","#N/A","#N/A",EQP,false,false,100' Roll of 10 Line Bundled Tubing,EQP-OT-3,"#N/A",Default,One per quote line,"#N/A","#N/A","#N/A",Quantity,"#N/A",false,"#N/A","#N/A","#N/A","#N/A","#N/A","#N/A","#N/A","#N/A","#N/A",false,"#N/A","#N/A",false,"#N/A","#N/A",1.0,false,"#N/A","#N/A","#N/A",false,false,false,false,"#N/A",false,false,false,false,false,false,false,false,"#N/A",Click,false,false,"#N/A",false,List,"#N/A",true,"#N/A",false,"#N/A","#N/A","#N/A",List,"#N/A","#N/A","#N/A","#N/A","#N/A",One-time,"#N/A",false,"#N/A","#N/A","#N/A","#N/A","#N/A","#N/A","#N/A","#N/A"
7c2b2685-a323-4a43-978c-69b5e0fdf4c1,8 24-count Boxes of our best selling blends.- Recurring,"#N/A","#N/A",BEV,false,false,Best Sellers Varieties Curated Collection,COF-R-1,"#N/A",Default,One per quote line,"#N/A","#N/A","#N/A",Quantity,"#N/A",false,"#N/A","#N/A","#N/A","#N/A","#N/A","#N/A","#N/A","#N/A","#N/A",false,"#N/A","#N/A",false,"#N/A","#N/A",1.0,false,"#N/A","#N/A","#N/A",false,false,false,false,"#N/A",false,false,false,false,false,false,false,false,"#N/A",Click,false,false,"#N/A",false,List,"#N/A",true,"#N/A",false,"#N/A","#N/A","#N/A",List,"#N/A","#N/A",Fixed Price,"#N/A",1.0,Renewable,"#N/A",false,"#N/A","#N/A","#N/A","#N/A","#N/A","#N/A","#N/A","#N/A"
809eae11-2ead-4e74-a2b2-fdaefed7fc9b,12 Gallon Bag in Box Syrup- Recurring,"#N/A","#N/A",BEV,false,false,Agile Ginger Ale Syrup,POP-R-8,"#N/A",Default,One per quote line,"#N/A","#N/A","#N/A",Quantity,"#N/A",false,"#N/A","#N/A","#N/A","#N/A","#N/A","#N/A","#N/A","#N/A","#N/A",false,"#N/A","#N/A",false,"#N/A","#N/A",1.0,false,"#N/A","#N/A","#N/A",false,false,false,false,"#N/A",false,false,false,false,false,false,false,false,"#N/A",Click,false,false,"#N/A",false,List,"#N/A",true,"#N/A",false,"#N/A","#N/A","#N/A",List,"#N/A","#N/A",Fixed Price,"#N/A",1.0,Renewable,"#N/A",false,"#N/A","#N/A","#N/A","#N/A","#N/A","#N/A","#N/A","#N/A"
8245f25b-6392-42b4-b1c6-8e4e71822ae1,1 24-count Box of K-Cups Pods- One time,"#N/A","#N/A",BEV,false,false,Deployment Dark Roast,COF-OT-4,"#N/A",Default,One per quote line,"#N/A","#N/A","#N/A",Quantity,"#N/A",false,"#N/A","#N/A","#N/A","#N/A","#N/A","#N/A","#N/A","#N/A","#N/A",false,"#N/A","#N/A",false,"#N/A","#N/A",1.0,false,"#N/A","#N/A","#N/A",false,false,false,false,"#N/A",false,false,false,false,false,false,false,false,"#N/A",Click,false,false,"#N/A",false,List,"#N/A",true,"#N/A",false,"#N/A","#N/A","#N/A",List,"#N/A","#N/A","#N/A","#N/A","#N/A",One-time,"#N/A",false,"#N/A","#N/A","#N/A","#N/A","#N/A","#N/A","#N/A","#N/A"
8c533ba6-7f7a-4019-8eab-e03abc246c8d,1 24-count Box of K-Cups Pods- One time,"#N/A","#N/A",BEV,false,false,Uptime Espresso,COF-OT-6,"#N/A",Default,One per quote line,"#N/A","#N/A","#N/A",Quantity,"#N/A",false,"#N/A","#N/A","#N/A","#N/A","#N/A","#N/A","#N/A","#N/A","#N/A",false,"#N/A","#N/A",false,"#N/A","#N/A",1.0,false,"#N/A","#N/A","#N/A",false,false,false,false,"#N/A",false,false,false,false,false,false,false,false,"#N/A",Click,false,false,"#N/A",false,List,"#N/A",true,"#N/A",false,"#N/A","#N/A","#N/A",List,"#N/A","#N/A","#N/A","#N/A","#N/A",Renewable,"#N/A",false,"#N/A","#N/A","#N/A","#N/A","#N/A","#N/A","#N/A","#N/A"
8d4214f7-9f15-4298-b84e-b66506341261,1 24-count Box of K-Cups Pods- Recurring,"#N/A","#N/A",BEV,false,false,Change Management Mocha,COF-R-5,"#N/A",Default,One per quote line,"#N/A","#N/A","#N/A",Quantity,"#N/A",false,"#N/A","#N/A","#N/A","#N/A","#N/A","#N/A","#N/A","#N/A","#N/A",false,"#N/A","#N/A",false,"#N/A","#N/A",1.0,false,"#N/A","#N/A","#N/A",false,false,false,false,"#N/A",false,false,false,false,false,false,false,false,"#N/A",Click,false,false,"#N/A",false,List,"#N/A",true,"#N/A",false,"#N/A","#N/A","#N/A",List,"#N/A","#N/A",Fixed Price,"#N/A",1.0,Renewable,"#N/A",false,"#N/A","#N/A","#N/A","#N/A","#N/A","#N/A","#N/A","#N/A"
927bf4b5-c4be-4010-b5f0-fe2ec67005e0,"Fully programmable coffee maker with an interactive touch-screen that allows for a customizable brewing experience.
Includes Direct Plumb Kit Accessory","#N/A","#N/A",EQP,false,false,Keurig® K150P - Plumbed Commercial Coffee Maker,EQP-OT-4,"#N/A",Default,One per quote line,"#N/A","#N/A","#N/A",Quantity,"#N/A",false,"#N/A","#N/A","#N/A","#N/A","#N/A","#N/A","#N/A","#N/A","#N/A",false,"#N/A","#N/A",false,"#N/A","#N/A",1.0,false,"#N/A","#N/A","#N/A",false,false,false,false,"#N/A",false,false,false,false,false,false,false,false,"#N/A",Click,false,false,"#N/A",false,List,"#N/A",true,"#N/A",false,"#N/A","#N/A","#N/A",List,"#N/A","#N/A","#N/A","#N/A","#N/A",One-time,"#N/A",false,"#N/A","#N/A","#N/A","#N/A","#N/A","#N/A","#N/A","#N/A"
929ca389-3fb4-4eca-84a1-a9d9753333fe,1 24-count Box of K-Cups Pods- Recurring,"#N/A","#N/A",BEV,false,false,Uptime Espresso,COF-R-6,"#N/A",Default,One per quote line,"#N/A","#N/A","#N/A",Quantity,"#N/A",false,"#N/A","#N/A","#N/A","#N/A","#N/A","#N/A","#N/A","#N/A","#N/A",false,"#N/A","#N/A",false,"#N/A","#N/A",1.0,false,"#N/A","#N/A","#N/A",false,false,false,false,"#N/A",false,false,false,false,false,false,false,false,"#N/A",Click,false,false,"#N/A",false,List,"#N/A",true,"#N/A",false,"#N/A","#N/A","#N/A",List,"#N/A","#N/A",Fixed Price,"#N/A",1.0,Renewable,"#N/A",false,"#N/A","#N/A","#N/A","#N/A","#N/A","#N/A","#N/A","#N/A"
94640b3f-5e61-488d-b02b-4cdb6827ffd6,1 24-count Box of K-Cups Pods- Recurring,"#N/A","#N/A",BEV,false,false,Deployment Dark Roast,COF-R-4,"#N/A",Default,One per quote line,"#N/A","#N/A","#N/A",Quantity,"#N/A",false,"#N/A","#N/A","#N/A","#N/A","#N/A","#N/A","#N/A","#N/A","#N/A",false,"#N/A","#N/A",false,"#N/A","#N/A",1.0,false,"#N/A","#N/A","#N/A",false,false,false,false,"#N/A",false,false,false,false,false,false,false,false,"#N/A",Click,false,false,"#N/A",false,List,"#N/A",true,"#N/A",false,"#N/A","#N/A","#N/A",List,"#N/A","#N/A",Fixed Price,"#N/A",1.0,Renewable,"#N/A",false,"#N/A","#N/A","#N/A","#N/A","#N/A","#N/A","#N/A","#N/A"
9475e6fe-7e77-4c52-86d3-b323f42f5a80,Data Center Security Firewall,"#N/A","#N/A",Network,true,false,Data Center Security Firewall,N4,"#N/A","#N/A","#N/A","#N/A","#N/A","#N/A","#N/A","#N/A",false,"#N/A","#N/A","#N/A","#N/A","#N/A","#N/A","#N/A","#N/A","#N/A",false,"#N/A","#N/A",false,"#N/A","#N/A",100.0,false,"#N/A","#N/A","#N/A",false,false,false,false,"#N/A",false,false,false,false,false,false,false,false,"#N/A","#N/A",false,false,"#N/A",false,"#N/A",015Do000000kdau,true,"#N/A",false,"#N/A","#N/A","#N/A","#N/A","#N/A","#N/A","#N/A","#N/A","#N/A","#N/A","#N/A",false,"#N/A","#N/A","#N/A","#N/A","#N/A","#N/A","#N/A","#N/A"
96c45496-1836-4f13-9a6b-025b4eaca695,1 24-count Box of K-Cups Pods- Recurring,"#N/A","#N/A",BEV,false,false,Pumpkin Sandbox Latte,COF-R-3,"#N/A",Default,One per quote line,"#N/A","#N/A","#N/A",Quantity,"#N/A",false,"#N/A","#N/A","#N/A","#N/A","#N/A","#N/A","#N/A","#N/A","#N/A",false,"#N/A","#N/A",false,"#N/A","#N/A",1.0,false,"#N/A","#N/A","#N/A",false,false,false,false,"#N/A",false,false,false,false,false,false,false,false,"#N/A",Click,false,false,"#N/A",false,List,"#N/A",true,"#N/A",false,"#N/A","#N/A","#N/A",List,"#N/A","#N/A",Fixed Price,"#N/A",1.0,Renewable,"#N/A",false,"#N/A","#N/A","#N/A","#N/A","#N/A","#N/A","#N/A","#N/A"
9c329b4d-acb4-4d53-b5ce-e4e40b2bf2a6,"Forces CO2 into water to create carbonation for sodas
No need to turn off CO2 or water to service; maintain electronics without depressurizing the tank
115V, 1/3 hp, 1725 RPM motor","#N/A","#N/A",EQP,false,false,Fastflow Carbonator,EQP-OT-2,"#N/A",Default,One per quote line,"#N/A","#N/A","#N/A",Quantity,"#N/A",false,"#N/A","#N/A","#N/A","#N/A","#N/A","#N/A","#N/A","#N/A","#N/A",false,"#N/A","#N/A",false,"#N/A","#N/A",1.0,false,"#N/A","#N/A","#N/A",false,false,false,false,"#N/A",false,false,false,false,false,false,false,false,"#N/A",Click,false,false,"#N/A",false,List,"#N/A",true,"#N/A",false,"#N/A","#N/A","#N/A",List,"#N/A","#N/A","#N/A","#N/A","#N/A",One-time,"#N/A",false,"#N/A","#N/A","#N/A","#N/A","#N/A","#N/A","#N/A","#N/A"
9e012f08-fae2-4c97-8c6e-e9a59840f812,1-5 User Training,"#N/A","#N/A",Training,true,false,1-5 User Training,T0,"#N/A",Default,One per quote line,"#N/A","#N/A","#N/A",Quantity,"#N/A",false,"#N/A","#N/A","#N/A","#N/A","#N/A","#N/A","#N/A","#N/A","#N/A",false,"#N/A","#N/A",false,"#N/A","#N/A",1.0,false,"#N/A","#N/A","#N/A",false,false,false,false,"#N/A",false,false,false,false,false,false,false,false,"#N/A",Click,false,false,"#N/A",false,List,015Do000000kdar,true,"#N/A",false,"#N/A","#N/A","#N/A",List,"#N/A","#N/A","#N/A","#N/A","#N/A",Renewable,"#N/A",false,"#N/A","#N/A","#N/A","#N/A","#N/A","#N/A","#N/A","#N/A"
a06949f5-5c2c-4663-8959-4c16ae7d8792,5 Gallon Bag in Box Syrup- One time,"#N/A","#N/A","#N/A",true,false,Prodly Cola Syrup,POP-OT-1,"#N/A",Default,One per quote line,"#N/A","#N/A","#N/A",Quantity,"#N/A",false,"#N/A","#N/A","#N/A","#N/A","#N/A","#N/A","#N/A","#N/A","#N/A",false,"#N/A","#N/A",false,"#N/A","#N/A",1.0,false,"#N/A","#N/A","#N/A",false,false,false,false,"#N/A",false,false,false,false,false,false,false,false,"#N/A",Click,false,false,"#N/A",false,List,"#N/A",true,"#N/A",false,"#N/A","#N/A","#N/A",List,"#N/A","#N/A","#N/A","#N/A","#N/A",One-time,"#N/A",false,"#N/A","#N/A","#N/A","#N/A","#N/A","#N/A","#N/A","#N/A"
a172a6a5-69f2-46f8-b9e5-1eaa4d246fa9,Company Wide Training,"#N/A","#N/A",Training,true,false,Company Wide Training,T4,"#N/A","#N/A","#N/A","#N/A","#N/A","#N/A","#N/A","#N/A",false,"#N/A","#N/A","#N/A","#N/A","#N/A","#N/A","#N/A","#N/A","#N/A",false,"#N/A","#N/A",false,"#N/A","#N/A",1.0,false,"#N/A","#N/A","#N/A",false,false,false,false,"#N/A",false,false,false,false,false,false,false,false,"#N/A","#N/A",false,false,"#N/A",false,"#N/A",015Do000000kdar,true,"#N/A",false,"#N/A","#N/A","#N/A","#N/A","#N/A","#N/A","#N/A","#N/A","#N/A","#N/A","#N/A",false,"#N/A","#N/A","#N/A","#N/A","#N/A","#N/A","#N/A","#N/A"
a1ce79ad-48db-4f78-81e3-d106958ec82f,Personal Cloud Stoarge,"#N/A","#N/A",Cloud Storage,true,false,Personal Cloud Stoarge,CS1,"#N/A",Default,One per quote line,"#N/A","#N/A","#N/A",Quantity,"#N/A",false,"#N/A","#N/A","#N/A","#N/A","#N/A","#N/A","#N/A","#N/A","#N/A",false,"#N/A","#N/A",false,"#N/A","#N/A",1.0,false,"#N/A","#N/A","#N/A",false,false,false,false,"#N/A",false,false,false,false,false,false,false,false,"#N/A",Click,false,false,"#N/A",false,List,015Do000000kdav,true,"#N/A",false,"#N/A","#N/A","#N/A",List,"#N/A","#N/A","#N/A","#N/A","#N/A",Renewable,"#N/A",false,"#N/A","#N/A","#N/A","#N/A","#N/A","#N/A","#N/A","#N/A"
a260f5da-43bc-410b-bfcd-d1a50735badb,9 Gallon Bag in Box Syrup- One time,"#N/A","#N/A",BEV,false,false,Go-Live Grape Syrup,POP-OT-5,"#N/A",Default,One per quote line,"#N/A","#N/A","#N/A",Quantity,"#N/A",false,"#N/A","#N/A","#N/A","#N/A","#N/A","#N/A","#N/A","#N/A","#N/A",false,"#N/A","#N/A",false,"#N/A","#N/A",1.0,false,"#N/A","#N/A","#N/A",false,false,false,false,"#N/A",false,false,false,false,false,false,false,false,"#N/A",Click,false,false,"#N/A",false,List,"#N/A",true,"#N/A",false,"#N/A","#N/A","#N/A",List,"#N/A","#N/A","#N/A","#N/A","#N/A",One-time,"#N/A",false,"#N/A","#N/A","#N/A","#N/A","#N/A","#N/A","#N/A","#N/A"
a5da2b58-b07c-4b2c-9965-ce5200fefc8c,12 Gallon Bag in Box Syrup- Recurring,"#N/A","#N/A",BEV,false,false,Agile Ginger Ale Syrup,POP-R-8,"#N/A",Default,One per quote line,"#N/A","#N/A","#N/A",Quantity,"#N/A",false,"#N/A","#N/A","#N/A","#N/A","#N/A","#N/A","#N/A","#N/A","#N/A",false,"#N/A","#N/A",false,"#N/A","#N/A",1.0,false,"#N/A","#N/A","#N/A",false,false,false,false,"#N/A",false,false,false,false,false,false,false,false,"#N/A",Click,false,false,"#N/A",false,List,"#N/A",true,"#N/A",false,"#N/A","#N/A","#N/A",List,"#N/A","#N/A",Fixed Price,"#N/A",1.0,Renewable,"#N/A",false,"#N/A","#N/A","#N/A","#N/A","#N/A","#N/A","#N/A","#N/A"
a8deab44-2777-4fc5-a9e3-c86b0d17f053,Security Certification Training: Shield,"#N/A","#N/A",Training,true,false,Security Certification Training: Shield,SC2,"#N/A","#N/A","#N/A","#N/A","#N/A","#N/A","#N/A","#N/A",false,"#N/A","#N/A","#N/A","#N/A","#N/A","#N/A","#N/A","#N/A","#N/A",false,"#N/A","#N/A",false,"#N/A","#N/A",5.0,false,"#N/A","#N/A","#N/A",false,false,false,false,"#N/A",false,false,false,false,false,false,false,false,"#N/A","#N/A",false,false,"#N/A",false,"#N/A",015Do000000kdaw,true,"#N/A",false,"#N/A","#N/A","#N/A","#N/A","#N/A","#N/A","#N/A","#N/A","#N/A","#N/A","#N/A",false,"#N/A","#N/A","#N/A","#N/A","#N/A","#N/A","#N/A","#N/A"
a8fac9ab-288e-4470-a21a-575d91a4a75b,"#N/A","#N/A","#N/A","#N/A",true,false,Coffee Starter Bundle,CSB-B,"#N/A",Default,One per quote line,"#N/A","#N/A","#N/A",Quantity,"#N/A",false,"#N/A",Always,"#N/A","#N/A","#N/A",Required,"#N/A","#N/A","#N/A",false,"#N/A","#N/A",false,"#N/A","#N/A",1.0,false,"#N/A","#N/A","#N/A",false,false,false,false,"#N/A",false,false,false,false,false,false,false,false,"#N/A",Click,false,false,"#N/A",false,List,"#N/A",true,"#N/A",false,"#N/A","#N/A","#N/A",List,"#N/A","#N/A","#N/A","#N/A","#N/A",One-time,"#N/A",false,"#N/A","#N/A","#N/A","#N/A","#N/A","#N/A","#N/A","#N/A"
af257fc3-bdf8-4a92-97b4-2db5553d4265,6 Gallon Bag in Box Syrup- Recurring,"#N/A","#N/A",BEV,false,false,Dr. Prod Syrup,POP-R-2,"#N/A",Default,One per quote line,"#N/A","#N/A","#N/A",Quantity,"#N/A",false,"#N/A","#N/A","#N/A","#N/A","#N/A","#N/A","#N/A","#N/A","#N/A",false,"#N/A","#N/A",false,"#N/A","#N/A",1.0,false,"#N/A","#N/A","#N/A",false,false,false,false,"#N/A",false,false,false,false,false,false,false,false,"#N/A",Click,false,false,"#N/A",false,List,"#N/A",true,"#N/A",false,"#N/A","#N/A","#N/A",List,"#N/A","#N/A",Fixed Price,"#N/A",1.0,Renewable,"#N/A",false,"#N/A","#N/A","#N/A","#N/A","#N/A","#N/A","#N/A","#N/A"
b1afc07c-0f8d-4d07-8ebc-c78b839888b1,Regular cleaning & preventative maintenance to keep your equipment operating optimally.- Recurring,"#N/A","#N/A",SRV,false,false,Monthly Maintance Plan,SRV-R-2,"#N/A",Default,One per quote line,"#N/A","#N/A","#N/A",Quantity,"#N/A",true,"#N/A","#N/A","#N/A","#N/A","#N/A","#N/A","#N/A","#N/A","#N/A",false,"#N/A","#N/A",false,"#N/A","#N/A",1.0,false,"#N/A","#N/A","#N/A",false,false,false,false,"#N/A",false,false,false,false,false,false,false,false,"#N/A",Click,false,false,"#N/A",false,List,"#N/A",true,"#N/A",false,"#N/A","#N/A","#N/A",List,"#N/A","#N/A",Fixed Price,"#N/A",1.0,Renewable,"#N/A",false,"#N/A","#N/A","#N/A","#N/A","#N/A","#N/A","#N/A","#N/A"
b26bb6f4-3be7-4132-a1bf-a16dd91229e9,Secure Event Manager,"#N/A","#N/A",Security Management,true,false,Secure Event Manager,SM2,"#N/A",Default,One per quote line,"#N/A","#N/A","#N/A",Quantity,"#N/A",false,"#N/A","#N/A","#N/A","#N/A","#N/A","#N/A","#N/A","#N/A","#N/A",false,"#N/A","#N/A",false,"#N/A","#N/A",10.0,false,"#N/A","#N/A","#N/A",false,false,false,false,"#N/A",false,false,false,false,false,false,false,false,"#N/A",Click,false,false,"#N/A",false,List,015Do000000kdaq,true,"#N/A",false,"#N/A","#N/A","#N/A",List,"#N/A","#N/A","#N/A","#N/A","#N/A",Renewable,"#N/A",false,"#N/A","#N/A","#N/A","#N/A","#N/A","#N/A","#N/A","#N/A"
b5a23b26-7710-4e18-a50e-117d5a665e40,"#N/A","#N/A","#N/A","#N/A",true,false,Soda Starter Bundle,SSB-B,"#N/A",Default,One per quote line,"#N/A","#N/A","#N/A",Quantity,"#N/A",false,"#N/A",Always,"#N/A","#N/A","#N/A",Required,"#N/A","#N/A","#N/A",false,"#N/A","#N/A",false,"#N/A","#N/A",1.0,false,"#N/A","#N/A","#N/A",false,false,false,false,"#N/A",false,false,false,false,false,false,false,false,"#N/A",Click,false,false,"#N/A",false,List,"#N/A",true,"#N/A",false,"#N/A","#N/A","#N/A",List,"#N/A","#N/A","#N/A","#N/A","#N/A",One-time,"#N/A",false,"#N/A","#N/A","#N/A","#N/A","#N/A","#N/A","#N/A","#N/A"
b5abd5ce-215e-4c1b-92db-0c64126acc30,"K-Cycle™ bins are bundled in packs of five (5), for offices that brew 24 K-Cup® pods or more a day - 450 K-Cup® pods per bin. Single bins are not available.- Recurring
 
EACH BIN INCLUDES
1. Pre-paid UPS return label affixed to bin
2. Pre-affixed bag and zip tie seal for brewed K-Cup® pod collection","#N/A","#N/A",SRV,false,false,KCup Recycling Program,SRV-R-1,"#N/A",Default,One per quote line,"#N/A","#N/A","#N/A",Quantity,"#N/A",true,"#N/A","#N/A","#N/A","#N/A","#N/A","#N/A","#N/A","#N/A","#N/A",false,"#N/A","#N/A",false,"#N/A","#N/A",1.0,false,"#N/A","#N/A","#N/A",false,false,false,false,"#N/A",false,false,false,false,false,false,false,false,"#N/A",Click,false,false,"#N/A",false,List,"#N/A",true,"#N/A",false,"#N/A","#N/A","#N/A",List,"#N/A","#N/A",Fixed Price,"#N/A",1.0,Renewable,"#N/A",false,"#N/A","#N/A","#N/A","#N/A","#N/A","#N/A","#N/A","#N/A"
b701eb02-4682-4265-8912-342254c235c9,7 Gallon Bag in Box Syrup- Recurring,"#N/A","#N/A",BEV,false,false,Deploy Dew Syrup,POP-R-3,"#N/A",Default,One per quote line,"#N/A","#N/A","#N/A",Quantity,"#N/A",false,"#N/A","#N/A","#N/A","#N/A","#N/A","#N/A","#N/A","#N/A","#N/A",false,"#N/A","#N/A",false,"#N/A","#N/A",1.0,false,"#N/A","#N/A","#N/A",false,false,false,false,"#N/A",false,false,false,false,false,false,false,false,"#N/A",Click,false,false,"#N/A",false,List,"#N/A",true,"#N/A",false,"#N/A","#N/A","#N/A",List,"#N/A","#N/A",Fixed Price,"#N/A",1.0,Renewable,"#N/A",false,"#N/A","#N/A","#N/A","#N/A","#N/A","#N/A","#N/A","#N/A"
bda53aac-83f2-4cd5-8e52-a993c008d9a4,Personal Password Vault,"#N/A","#N/A",Password Vault,true,false,Personal Password Vault,PV1,"#N/A",Default,One per quote line,"#N/A","#N/A","#N/A",Quantity,"#N/A",false,"#N/A","#N/A","#N/A","#N/A","#N/A","#N/A","#N/A","#N/A","#N/A",false,"#N/A","#N/A",false,"#N/A","#N/A",10.0,false,"#N/A","#N/A","#N/A",false,false,false,false,"#N/A",false,false,false,false,false,false,false,false,"#N/A",Click,false,false,"#N/A",false,List,015Do000000kdb1,true,"#N/A",false,"#N/A","#N/A","#N/A",List,"#N/A","#N/A","#N/A","#N/A","#N/A",Renewable,"#N/A",false,"#N/A","#N/A","#N/A","#N/A","#N/A","#N/A","#N/A","#N/A"
c18b9b85-12a9-42f1-8c64-9c83e6487034,1 24-count Box of K-Cups Pods- One time,"#N/A","#N/A",BEV,false,false,Deployment Dark Roast,COF-OT-4,"#N/A",Default,One per quote line,"#N/A","#N/A","#N/A",Quantity,"#N/A",false,"#N/A","#N/A","#N/A","#N/A","#N/A","#N/A","#N/A","#N/A","#N/A",false,"#N/A","#N/A",false,"#N/A","#N/A",1.0,false,"#N/A","#N/A","#N/A",false,false,false,false,"#N/A",false,false,false,false,false,false,false,false,"#N/A",Click,false,false,"#N/A",false,List,"#N/A",true,"#N/A",false,"#N/A","#N/A","#N/A",List,"#N/A","#N/A","#N/A","#N/A","#N/A",One-time,"#N/A",false,"#N/A","#N/A","#N/A","#N/A","#N/A","#N/A","#N/A","#N/A"
c1f7f120-2aff-4762-bbe6-d6f0bdff77fb,11 Gallon Bag in Box Syrup- One time,"#N/A","#N/A",BEV,false,false,Release Root Beer Syrup,POP-OT-7,"#N/A",Default,One per quote line,"#N/A","#N/A","#N/A",Quantity,"#N/A",false,"#N/A","#N/A","#N/A","#N/A","#N/A","#N/A","#N/A","#N/A","#N/A",false,"#N/A","#N/A",false,"#N/A","#N/A",1.0,false,"#N/A","#N/A","#N/A",false,false,false,false,"#N/A",false,false,false,false,false,false,false,false,"#N/A",Click,false,false,"#N/A",false,List,"#N/A",true,"#N/A",false,"#N/A","#N/A","#N/A",List,"#N/A","#N/A","#N/A","#N/A","#N/A",One-time,"#N/A",false,"#N/A","#N/A","#N/A","#N/A","#N/A","#N/A","#N/A","#N/A"
c5869a58-1955-41c3-b5ad-eda78758bd91,"Forces CO2 into water to create carbonation for sodas
No need to turn off CO2 or water to service; maintain electronics without depressurizing the tank
115V, 1/3 hp, 1725 RPM motor","#N/A","#N/A",EQP,false,false,Fastflow Carbonator,EQP-OT-2,"#N/A",Default,One per quote line,"#N/A","#N/A","#N/A",Quantity,"#N/A",false,"#N/A","#N/A","#N/A","#N/A","#N/A","#N/A","#N/A","#N/A","#N/A",false,"#N/A","#N/A",false,"#N/A","#N/A",1.0,false,"#N/A","#N/A","#N/A",false,false,false,false,"#N/A",false,false,false,false,false,false,false,false,"#N/A",Click,false,false,"#N/A",false,List,"#N/A",true,"#N/A",false,"#N/A","#N/A","#N/A",List,"#N/A","#N/A","#N/A","#N/A","#N/A",One-time,"#N/A",false,"#N/A","#N/A","#N/A","#N/A","#N/A","#N/A","#N/A","#N/A"
c6694d6c-ceee-4aa4-80bd-03ef997a0d23,1 24-count Box of K-Cups Pods- One time,"#N/A","#N/A",BEV,false,false,Uptime Espresso,COF-OT-6,"#N/A",Default,One per quote line,"#N/A","#N/A","#N/A",Quantity,"#N/A",false,"#N/A","#N/A","#N/A","#N/A","#N/A","#N/A","#N/A","#N/A","#N/A",false,"#N/A","#N/A",false,"#N/A","#N/A",1.0,false,"#N/A","#N/A","#N/A",false,false,false,false,"#N/A",false,false,false,false,false,false,false,false,"#N/A",Click,false,false,"#N/A",false,List,"#N/A",true,"#N/A",false,"#N/A","#N/A","#N/A",List,"#N/A","#N/A","#N/A","#N/A","#N/A",Renewable,"#N/A",false,"#N/A","#N/A","#N/A","#N/A","#N/A","#N/A","#N/A","#N/A"
c900e94a-97b7-4fc9-9244-5761f5ccf205,Enterprise Security Firewall,"#N/A","#N/A",Network,true,false,Enterprise Security Firewall,N3,"#N/A","#N/A","#N/A","#N/A","#N/A","#N/A","#N/A","#N/A",false,"#N/A","#N/A","#N/A","#N/A","#N/A","#N/A","#N/A","#N/A","#N/A",false,"#N/A","#N/A",false,"#N/A","#N/A",100.0,false,"#N/A","#N/A","#N/A",false,false,false,false,"#N/A",false,false,false,false,false,false,false,false,"#N/A","#N/A",false,false,"#N/A",false,"#N/A",015Do000000kdau,true,"#N/A",false,"#N/A","#N/A","#N/A","#N/A","#N/A","#N/A","#N/A","#N/A","#N/A","#N/A","#N/A",false,"#N/A","#N/A","#N/A","#N/A","#N/A","#N/A","#N/A","#N/A"
ca1b2c09-c8a1-4b68-9f81-d1e55b9cd421,Toshiba Chromebook 2,"#N/A","#N/A",Professional Services,true,false,Basic Consulting Plan,LT-TOSH,"#N/A",Default,One per quote line,"#N/A","#N/A","#N/A",Quantity,"#N/A",false,"#N/A","#N/A","#N/A","#N/A","#N/A","#N/A","#N/A","#N/A","#N/A",false,"#N/A","#N/A",false,"#N/A","#N/A",1.0,false,"#N/A","#N/A","#N/A",false,false,false,false,"#N/A",false,false,false,false,false,false,false,false,"#N/A",Click,false,false,"#N/A",false,List,015Do000000kdas,true,"#N/A",false,"#N/A","#N/A","#N/A",List,"#N/A","#N/A","#N/A","#N/A","#N/A",Renewable,"#N/A",false,"#N/A","#N/A","#N/A","#N/A","#N/A","#N/A","#N/A","#N/A"
ca48d3e7-8a0d-4a65-a173-8395709859e9,1 24-count Box of K-Cups Pods- Recurring,"#N/A","#N/A",BEV,false,false,Pumpkin Sandbox Latte,COF-R-3,"#N/A",Default,One per quote line,"#N/A","#N/A","#N/A",Quantity,"#N/A",false,"#N/A","#N/A","#N/A","#N/A","#N/A","#N/A","#N/A","#N/A","#N/A",false,"#N/A","#N/A",false,"#N/A","#N/A",1.0,false,"#N/A","#N/A","#N/A",false,false,false,false,"#N/A",false,false,false,false,false,false,false,false,"#N/A",Click,false,false,"#N/A",false,List,"#N/A",true,"#N/A",false,"#N/A","#N/A","#N/A",List,"#N/A","#N/A",Fixed Price,"#N/A",1.0,Renewable,"#N/A",false,"#N/A","#N/A","#N/A","#N/A","#N/A","#N/A","#N/A","#N/A"
cc5e5f5f-8d11-4fe2-a4a6-d1aad3d4e2c2,"#N/A","#N/A","#N/A","#N/A",true,false,Soda Starter Bundle,SSB-B,"#N/A",Default,One per quote line,"#N/A","#N/A","#N/A",Quantity,"#N/A",false,"#N/A",Always,"#N/A","#N/A","#N/A",Required,"#N/A","#N/A","#N/A",false,"#N/A","#N/A",false,"#N/A","#N/A",1.0,false,"#N/A","#N/A","#N/A",false,false,false,false,"#N/A",false,false,false,false,false,false,false,false,"#N/A",Click,false,false,"#N/A",false,List,"#N/A",true,"#N/A",false,"#N/A","#N/A","#N/A",List,"#N/A","#N/A","#N/A","#N/A","#N/A",One-time,"#N/A",false,"#N/A","#N/A","#N/A","#N/A","#N/A","#N/A","#N/A","#N/A"
d09c74e1-d758-4082-9dc2-1ec55bff66cd,1 24-count Box of K-Cups Pods- One time,"#N/A","#N/A",BEV,false,false,Version Control Cappuccino,COF-OT-7,"#N/A",Default,One per quote line,"#N/A","#N/A","#N/A",Quantity,"#N/A",false,"#N/A","#N/A","#N/A","#N/A","#N/A","#N/A","#N/A","#N/A","#N/A",false,"#N/A","#N/A",false,"#N/A","#N/A",1.0,false,"#N/A","#N/A","#N/A",false,false,false,false,"#N/A",false,false,false,false,false,false,false,false,"#N/A",Click,false,false,"#N/A",false,List,"#N/A",true,"#N/A",false,"#N/A","#N/A","#N/A",List,"#N/A","#N/A","#N/A","#N/A","#N/A",Renewable,"#N/A",false,"#N/A","#N/A","#N/A","#N/A","#N/A","#N/A","#N/A","#N/A"
d8c32c04-b429-46c5-b1fa-1886cc367b5b,11 Gallon Bag in Box Syrup- One time,"#N/A","#N/A",BEV,false,false,Release Root Beer Syrup,POP-OT-7,"#N/A",Default,One per quote line,"#N/A","#N/A","#N/A",Quantity,"#N/A",false,"#N/A","#N/A","#N/A","#N/A","#N/A","#N/A","#N/A","#N/A","#N/A",false,"#N/A","#N/A",false,"#N/A","#N/A",1.0,false,"#N/A","#N/A","#N/A",false,false,false,false,"#N/A",false,false,false,false,false,false,false,false,"#N/A",Click,false,false,"#N/A",false,List,"#N/A",true,"#N/A",false,"#N/A","#N/A","#N/A",List,"#N/A","#N/A","#N/A","#N/A","#N/A",One-time,"#N/A",false,"#N/A","#N/A","#N/A","#N/A","#N/A","#N/A","#N/A","#N/A"
da45f3d2-4b4f-4898-9931-16291878a960,8 Gallon Bag in Box Syrup- One time,"#N/A","#N/A",BEV,false,false,Low-Code Lemon-Lime Syrup,POP-OT-4,"#N/A",Default,One per quote line,"#N/A","#N/A","#N/A",Quantity,"#N/A",false,"#N/A","#N/A","#N/A","#N/A","#N/A","#N/A","#N/A","#N/A","#N/A",false,"#N/A","#N/A",false,"#N/A","#N/A",1.0,false,"#N/A","#N/A","#N/A",false,false,false,false,"#N/A",false,false,false,false,false,false,false,false,"#N/A",Click,false,false,"#N/A",false,List,"#N/A",true,"#N/A",false,"#N/A","#N/A","#N/A",List,"#N/A","#N/A","#N/A","#N/A","#N/A",One-time,"#N/A",false,"#N/A","#N/A","#N/A","#N/A","#N/A","#N/A","#N/A","#N/A"
dc11fe1a-382b-4825-8789-45f544420dc9,5 Gallon Bag in Box Syrup- One time,"#N/A","#N/A","#N/A",true,false,Prodly Cola Syrup,POP-OT-1,"#N/A",Default,One per quote line,"#N/A","#N/A","#N/A",Quantity,"#N/A",false,"#N/A","#N/A","#N/A","#N/A","#N/A","#N/A","#N/A","#N/A","#N/A",false,"#N/A","#N/A",false,"#N/A","#N/A",1.0,false,"#N/A","#N/A","#N/A",false,false,false,false,"#N/A",false,false,false,false,false,false,false,false,"#N/A",Click,false,false,"#N/A",false,List,"#N/A",true,"#N/A",false,"#N/A","#N/A","#N/A",List,"#N/A","#N/A","#N/A","#N/A","#N/A",One-time,"#N/A",false,"#N/A","#N/A","#N/A","#N/A","#N/A","#N/A","#N/A","#N/A"
de67e596-9488-4d02-8fc1-7cc2d75aa1c1,On-Site Implementation Support,"#N/A","#N/A",Implementation Services,true,false,On-Site Implementation Support,IS2,"#N/A",Default,One per quote line,"#N/A","#N/A","#N/A",Quantity,"#N/A",false,"#N/A","#N/A","#N/A","#N/A","#N/A","#N/A","#N/A","#N/A","#N/A",false,"#N/A","#N/A",false,"#N/A","#N/A",1.0,false,"#N/A","#N/A","#N/A",false,false,false,false,"#N/A",false,false,false,false,false,false,false,false,"#N/A",Click,false,false,"#N/A",false,List,015Do000000kdap,true,"#N/A",false,"#N/A","#N/A","#N/A",List,"#N/A","#N/A","#N/A","#N/A","#N/A",Renewable,"#N/A",false,"#N/A","#N/A","#N/A","#N/A","#N/A","#N/A","#N/A","#N/A"
e23ed245-6a49-48b2-95cf-927bcf07feb1,"#N/A","#N/A","#N/A","#N/A",true,false,Coffee Starter Bundle,CSB-B,"#N/A",Default,One per quote line,"#N/A","#N/A","#N/A",Quantity,"#N/A",false,"#N/A",Always,"#N/A","#N/A","#N/A",Required,"#N/A","#N/A","#N/A",false,"#N/A","#N/A",false,"#N/A","#N/A",1.0,false,"#N/A","#N/A","#N/A",false,false,false,false,"#N/A",false,false,false,false,false,false,false,false,"#N/A",Click,false,false,"#N/A",false,List,"#N/A",true,"#N/A",false,"#N/A","#N/A","#N/A",List,"#N/A","#N/A","#N/A","#N/A","#N/A",One-time,"#N/A",false,"#N/A","#N/A","#N/A","#N/A","#N/A","#N/A","#N/A","#N/A"
e3153fe7-66f2-43fc-9e82-818951146f9a,Subscription for one (1) Time and Expense Administrator.,"#N/A","#N/A",Licensing,true,false,T&E Suite Admin License,TE14,"#N/A",Default,One per quote line,"#N/A","#N/A","#N/A",Quantity,"#N/A",false,"#N/A","#N/A","#N/A","#N/A","#N/A","#N/A","#N/A","#N/A","#N/A",false,"#N/A","#N/A",false,"#N/A","#N/A",1.0,false,"#N/A","#N/A","#N/A",false,false,false,false,"#N/A",false,false,false,false,false,false,false,false,"#N/A",Click,false,false,"#N/A",false,List,015Do000000kdat,true,"#N/A",false,"#N/A","#N/A","#N/A",List,"#N/A","#N/A","#N/A","#N/A","#N/A",Renewable,"#N/A",false,"#N/A","#N/A","#N/A","#N/A","#N/A","#N/A","#N/A","#N/A"
e3af0806-0c4f-4622-a1ce-98cc7a26a49b,"Consists of 10 lines bundled together
Each line is 3/8"" in diameter
Roll contains 100' of bundled tubing","#N/A","#N/A",EQP,false,false,100' Roll of 10 Line Bundled Tubing,EQP-OT-3,"#N/A",Default,One per quote line,"#N/A","#N/A","#N/A",Quantity,"#N/A",false,"#N/A","#N/A","#N/A","#N/A","#N/A","#N/A","#N/A","#N/A","#N/A",false,"#N/A","#N/A",false,"#N/A","#N/A",1.0,false,"#N/A","#N/A","#N/A",false,false,false,false,"#N/A",false,false,false,false,false,false,false,false,"#N/A",Click,false,false,"#N/A",false,List,"#N/A",true,"#N/A",false,"#N/A","#N/A","#N/A",List,"#N/A","#N/A","#N/A","#N/A","#N/A",One-time,"#N/A",false,"#N/A","#N/A","#N/A","#N/A","#N/A","#N/A","#N/A","#N/A"
ea969dfa-7507-43d7-9a52-8e94abc90fce,Remote Implementation Support,"#N/A","#N/A",Implementation Services,true,false,Remote Implementation Support,IS1,"#N/A",Default,One per quote line,"#N/A","#N/A","#N/A",Quantity,"#N/A",false,"#N/A","#N/A","#N/A","#N/A","#N/A","#N/A","#N/A","#N/A","#N/A",false,"#N/A","#N/A",false,"#N/A","#N/A",1.0,false,"#N/A","#N/A","#N/A",false,false,false,false,"#N/A",false,false,false,false,false,false,false,false,"#N/A",Click,false,false,"#N/A",false,List,015Do000000kdap,true,"#N/A",false,"#N/A","#N/A","#N/A",List,"#N/A","#N/A","#N/A","#N/A","#N/A",Renewable,"#N/A",false,"#N/A","#N/A","#N/A","#N/A","#N/A","#N/A","#N/A","#N/A"
eab6b38a-3b49-4421-9220-c00c54c3f217,Business Plus Cloud Storage,"#N/A","#N/A",Cloud Storage,true,false,Business Plus Cloud Storage,CS3,"#N/A","#N/A","#N/A","#N/A","#N/A","#N/A","#N/A","#N/A",false,"#N/A","#N/A","#N/A","#N/A","#N/A","#N/A","#N/A","#N/A","#N/A",false,"#N/A","#N/A",false,"#N/A","#N/A",10.0,false,"#N/A","#N/A","#N/A",false,false,false,false,"#N/A",false,false,false,false,false,false,false,false,"#N/A","#N/A",false,false,"#N/A",false,"#N/A",015Do000000kdav,true,"#N/A",false,"#N/A","#N/A","#N/A","#N/A","#N/A","#N/A","#N/A","#N/A","#N/A","#N/A","#N/A",false,"#N/A","#N/A","#N/A","#N/A","#N/A","#N/A","#N/A","#N/A"
ef8ca0a5-da2e-46b0-a001-a4a547b77a7f,1 24-count Box of K-Cups Pods- Recurring,"#N/A","#N/A",BEV,false,false,Uptime Espresso,COF-R-6,"#N/A",Default,One per quote line,"#N/A","#N/A","#N/A",Quantity,"#N/A",false,"#N/A","#N/A","#N/A","#N/A","#N/A","#N/A","#N/A","#N/A","#N/A",false,"#N/A","#N/A",false,"#N/A","#N/A",1.0,false,"#N/A","#N/A","#N/A",false,false,false,false,"#N/A",false,false,false,false,false,false,false,false,"#N/A",Click,false,false,"#N/A",false,List,"#N/A",true,"#N/A",false,"#N/A","#N/A","#N/A",List,"#N/A","#N/A",Fixed Price,"#N/A",1.0,Renewable,"#N/A",false,"#N/A","#N/A","#N/A","#N/A","#N/A","#N/A","#N/A","#N/A"
f0d579a9-9ef4-4e08-98b6-d8a8f0e023df,1 24-count Box of K-Cups Pods- One time,"#N/A","#N/A",BEV,false,false,Version Control Cappuccino,COF-OT-7,"#N/A",Default,One per quote line,"#N/A","#N/A","#N/A",Quantity,"#N/A",false,"#N/A","#N/A","#N/A","#N/A","#N/A","#N/A","#N/A","#N/A","#N/A",false,"#N/A","#N/A",false,"#N/A","#N/A",1.0,false,"#N/A","#N/A","#N/A",false,false,false,false,"#N/A",false,false,false,false,false,false,false,false,"#N/A",Click,false,false,"#N/A",false,List,"#N/A",true,"#N/A",false,"#N/A","#N/A","#N/A",List,"#N/A","#N/A","#N/A","#N/A","#N/A",Renewable,"#N/A",false,"#N/A","#N/A","#N/A","#N/A","#N/A","#N/A","#N/A","#N/A"
f60e8e53-8e8a-4571-abe4-027a55627594,1 24-count Box of K-Cups Pods- Recurring,"#N/A","#N/A",BEV,false,false,Deployment Dark Roast,COF-R-4,"#N/A",Default,One per quote line,"#N/A","#N/A","#N/A",Quantity,"#N/A",false,"#N/A","#N/A","#N/A","#N/A","#N/A","#N/A","#N/A","#N/A","#N/A",false,"#N/A","#N/A",false,"#N/A","#N/A",1.0,false,"#N/A","#N/A","#N/A",false,false,false,false,"#N/A",false,false,false,false,false,false,false,false,"#N/A",Click,false,false,"#N/A",false,List,"#N/A",true,"#N/A",false,"#N/A","#N/A","#N/A",List,"#N/A","#N/A",Fixed Price,"#N/A",1.0,Renewable,"#N/A",false,"#N/A","#N/A","#N/A","#N/A","#N/A","#N/A","#N/A","#N/A"
fbe8b869-1072-497c-bd66-937d87f7fa18,Enterprise Cloud Storage,"#N/A","#N/A",Cloud Storage,true,false,Enterprise Cloud Storage,CS4,"#N/A","#N/A","#N/A","#N/A","#N/A","#N/A","#N/A","#N/A",false,"#N/A","#N/A","#N/A","#N/A","#N/A","#N/A","#N/A","#N/A","#N/A",false,"#N/A","#N/A",false,"#N/A","#N/A",1.0,false,"#N/A","#N/A","#N/A",false,false,false,false,"#N/A",false,false,false,false,false,false,false,false,"#N/A","#N/A",false,false,"#N/A",false,"#N/A",015Do000000kdav,true,"#N/A",false,"#N/A","#N/A","#N/A","#N/A","#N/A","#N/A","#N/A","#N/A","#N/A","#N/A","#N/A",false,"#N/A","#N/A","#N/A","#N/A","#N/A","#N/A","#N/A","#N/A"
fc8a4ce3-b2a3-467d-bc32-f5cb416c7780,9 Gallon Bag in Box Syrup- One time,"#N/A","#N/A",BEV,false,false,Go-Live Grape Syrup,POP-OT-5,"#N/A",Default,One per quote line,"#N/A","#N/A","#N/A",Quantity,"#N/A",false,"#N/A","#N/A","#N/A","#N/A","#N/A","#N/A","#N/A","#N/A","#N/A",false,"#N/A","#N/A",false,"#N/A","#N/A",1.0,false,"#N/A","#N/A","#N/A",false,false,false,false,"#N/A",false,false,false,false,false,false,false,false,"#N/A",Click,false,false,"#N/A",false,List,"#N/A",true,"#N/A",false,"#N/A","#N/A","#N/A",List,"#N/A","#N/A","#N/A","#N/A","#N/A",One-time,"#N/A",false,"#N/A","#N/A","#N/A","#N/A","#N/A","#N/A","#N/A","#N/A"
ff04be08-fdb9-4e19-9171-09cc43b16176,1 24-count Box of K-Cups Pods- One time,"#N/A","#N/A",BEV,false,false,Declarative Decaf,COF-OT-2,"#N/A",Default,One per quote line,"#N/A","#N/A","#N/A",Quantity,"#N/A",false,"#N/A","#N/A","#N/A","#N/A","#N/A","#N/A","#N/A","#N/A","#N/A",false,"#N/A","#N/A",false,"#N/A","#N/A",1.0,false,"#N/A","#N/A","#N/A",false,false,false,false,"#N/A",false,false,false,false,false,false,false,false,"#N/A",Click,false,false,"#N/A",false,List,"#N/A",true,"#N/A",false,"#N/A","#N/A","#N/A",List,"#N/A","#N/A","#N/A","#N/A","#N/A",One-time,"#N/A",false,"#N/A","#N/A","#N/A","#N/A","#N/A","#N/A","#N/A","#N/A"
